COD,NRO,ANO,RENGL,FRECEP,MATRIC,CATEG,RTTES,DESTS
C,1,2021,1,2021-02-02,0,,COMISION DE H.INTERPRETACION Y SANCIONES,
,,,2,,,,SEC.COORD.ANA MARIA GONZALEZ,"PROPONE, 1-ESTUDIO MORATORIA MATR.ATRASADAS PROFES. 2-COMUNICAR OBLIGATORIE"
,,,3,,,,,"DAD A FUNCIONARIOS REPART.GUBERNAMENTALES,CUMPLIM.DEC.LEY 3485/63 - 3-ANTE"
,,,4,,,,,"METODOLOG.STAN EN CONICET,SERV.TCO.DE ALTO NIVEL,P/FACTURAC.SERV.PROFES.IN-"
,,,5,,,,,"VESTIG.,SE NOTIFIQUE EXIGENCIA MATRICULARSE,P/PROVEER SERV. PROFESIONALES."
,,,6,2020-11-30,,,REUNN DE CONSEJO,
,,,7,2020-12-14,,,REUNN DE CONSEJO,CUARTO INTERMEDIO REUNION DEL 30-11-20
,,,8,2021-05-05,,,DPTO ADMINISTRATIVO,en carpeta RC 30-11-2020
,,,9,2021-05-07,,,COMIS.INTERP.Y SANCIONES,
,,,10,2021-05-18,,,SECRETARIA,
,,,11,2022-01-31,,,SECRETARIA,
,,,12,2022-02-24,,,TRAMITE CEDULA,OCA
C,2,2021,1,2021-02-08,0,,"CONSEJO ECONOMICO, AMBIENTAL Y SOCIAL",
,,,2,,,,  CEAS  - LEY 9240 Y DEC.REGL. 1171,"SE LE COMUNICA QUE LA REPRESENTACION EN ESE AMBITO DEL CoPIG,CREADO POR LEY"
,,,3,,,,,"3485/63 Y MODIF.POR LEY 6936,SERA EJERCIDA POR EL ING.EN CONSTR. RODOLFO"
,,,4,,,,,"MANUEL PIASTRELLINI, DNI  12.518.691, COMO VICEPRESIDENTE EN EJERCICIO DE"
,,,5,,,,,LA PRESIDENCIA. SE ADJ.ACTA RESPECTIVA.
,,,6,2021-02-08,,,SECRETARIA,
,,,7,2021-02-08,,,REUNN DE CONSEJO,
,,,8,2021-02-22,,,REUNN DE CONSEJO,
,,,9,2021-03-29,,,REUNN DE CONSEJO,
,,,10,2021-04-12,,,REUNN DE CONSEJO,
,,,11,2021-07-16,,,PENDIENTE,EN BIBLIORATO ARCH.
,,,12,2021-08-11,,,PENDIENTE,BIBL.ARCHIVO 2021
,,,13,2022-01-31,,,SECRETARIA,
,,,14,2022-02-24,,,TRAMITE CEDULA,OCA
C,3,2021,1,2021-02-11,0,,CONSEJO PROFESIONAL DE INGENIEROS Y,
,,,2,,,,GEOLOGOS.-,"Actua de oficio en averiguacion situacion Empresa ""C.E.I. ANDALUCIA &"
,,,3,,,,,"ASOCIADOS S.A.S."", CUIT N: 30-71685446-5.-"
,,,4,2021-02-11,,,SECRETARIA,
,,,5,2021-02-17,,,TRAMITE CEDULA,MIGUEL PARA ENTREGAR
,,,6,2021-03-05,,,VENCIMIENTO DE TERMINO,
,,,7,2021-03-12,,,SECRETARIA,ULTIMO AVISO
,,,8,2021-03-16,,,TRAMITE CEDULA,MIGUEL PARA ENTREGAR.-
,,,9,2021-03-22,,,VENCIMIENTO DE TERMINO,
,,,10,2021-04-27,,,REGISTRO PROFESIONAL,
,,,11,2021-04-27,,,COMIS.INTERP.Y SANCIONES,
,,,12,2021-05-10,,,REUNN DE CONSEJO,
,,,13,2021-08-27,,,DPTO ADMINISTRATIVO,Marce p/Resol.
,,,14,2021-09-16,,,SECRETARIA,para firmar la REsolucion
,,,15,2021-10-20,,,SECRETARIA,
,,,16,2021-10-20,,,SECRETARIA,para firma fotoc Resol
,,,17,2021-10-28,,,TRAMITE CEDULA,por oca postal sale
,,,18,2021-12-06,,,DPTO ADMINISTRATIVO,tere
,,,19,2021-12-06,,,TRAMITE CEDULA,
,,,20,2021-12-23,,,INSPECTOR,SOFIA P/BUSCAR NUEVO DOMICILIO
,,,21,2021-12-27,,,DPTO ADMINISTRATIVO,TERE
,,,22,2021-12-30,,,TRAMITE CEDULA,
,,,23,2022-01-13,,,VENCIMIENTO DE TERMINO,vto 25/01/2022
,,,24,2022-01-25,,,REGISTRO PROFESIONAL,
,,,25,2022-01-25,,,REGISTRO PROFESIONAL,
,,,26,2022-02-03,,,DPTO ADMINISTRATIVO,tere para ver como sigue el curso del e
,,,27,2022-02-09,,,REGISTRO PROFESIONAL,p/confirmar fecha multa
,,,28,2022-02-17,,,ASESORIA LETRADA,con BOLETA DE DEUDA Dra Ferrer
,,,29,2022-02-17,,,ARCHIVO,EN CARACTER DE PENDIENTE
,,,30,2022-01-31,,,SECRETARIA,
,,,31,2022-02-24,,,TRAMITE CEDULA,MIGUEL PARA NOTIFICAR
C,4,2021,1,2021-02-17,0,,CONSEJO PROFESIONAL DE INGENIEROS Y,
,,,2,,,,GEOLOGOS.-,"Actua de oficio en averiguacion situacion Empresa ""HCV S.A."""
,,,3,,,,,CUIT N: 30-71531061-5.-
,,,4,2021-02-17,,,TRAMITE CEDULA,
,,,5,2021-02-26,,,VENCIMIENTO DE TERMINO,
,,,6,2021-03-12,,,SECRETARIA,ULTIMO AVISO
,,,7,2021-03-16,,,TRAMITE CEDULA,
,,,8,2021-03-26,,,VENCIMIENTO DE TERMINO,
,,,9,2021-04-09,,,DPTO ADMINISTRATIVO,MARCE...PRESENTA PAPELES INSCRIP....
,,,10,2021-04-16,,,VENCIMIENTO DE TERMINO,12/4/21 em TRAMITE DE MATRICULACION
,,,11,2021-07-06,,,REGISTRO PROFESIONAL,se inscribio la empresa_+
,,,12,2022-02-24,,,COMIS.INTERP.Y SANCIONES,
,,,13,2022-01-31,,,SECRETARIA,
,,,14,2022-02-24,,,TRAMITE CEDULA,OCA
C,5,2021,1,2021-02-26,0,,CONSEJO PROFESIONAL DE INGENIEROS Y,
,,,2,,,,GEOLOGOS.-,"Actua de oficio en averiguacion situacion Empresa ""LENOR S.R.L."""
,,,3,,,,,CUIT N: 30-70296880-8.-
,,,4,2021-02-26,,,SECRETARIA,
,,,5,2021-02-26,,,SECRETARIA,
F,6,2021,1,2021-03-02,0,,FEDERACION ARGENTINA DE INGENIEROS,
,,,2,,,,AGRONOMOS *FADIA*,ASUNTO...ASAMBLEA GENERAL ORDINARIA 2021 . VIERNES 19-03-21 - MODALIDAD
,,,3,,,,,VIRTUAL.
,,,4,2021-03-02,,,SECRETARIA,
,,,5,2021-03-11,,,PENDIENTE,en CAJA AZUL DETRAS DE TERE PENDIENTES
,,,6,2021-03-25,,,REUNN DE CONSEJO,de fecha 29/03/2021
,,,7,2021-07-30,,,PENDIENTE,BIBLIORATO EXPTES.2021
C,7,2021,1,2021-03-05,0,,CONSEJO PROFESIONAL DE INGENIEROS Y,
,,,2,,,,GEOLOGOS.-,"Actua de oficio en averiguacion situacion Empresa ""ENSAYOS VIALES S.A.S."""
,,,3,,,,,SUIT N: 30-71697149-6.-
,,,4,2021-03-05,,,SECRETARIA,
,,,5,2021-03-08,,,TRAMITE CEDULA,
,,,6,2021-05-03,,,VENCIMIENTO DE TERMINO,
,,,7,2021-05-19,,,SECRETARIA,
,,,8,2021-06-16,,,REGISTRO PROFESIONAL,
,,,9,2021-09-17,,,COMIS.INTERP.Y SANCIONES,
,,,10,2021-09-29,,,VENCIMIENTO DE TERMINO,vto 13/10/21.
,,,11,2021-10-12,,,VENCIMIENTO DE TERMINO,
,,,12,2021-10-28,,,DPTO ADMINISTRATIVO,tere
,,,13,2021-10-28,,,DPTO ADMINISTRATIVO,tere
,,,14,2021-11-01,,,REGISTRO PROFESIONAL,p/informe
,,,15,2022-02-14,,,VENCIMIENTO DE TERMINO,EL 24-02-22
C,8,2021,1,2021-03-12,0,,CONSEJO PROFESIONAL DE INGENIEROS Y,
,,,2,,,,GEOLOGOS.-,"Actua de oficio en averiguacion situacion Empresa ""PLAZA BOMBAL S.A."""
,,,3,,,,,"CUIT N: 30-70868736-3,derivada de Inspeccion realizada en fecha 15/12/2020"
,,,4,2021-03-15,,,SECRETARIA,
,,,5,2021-03-16,,,TRAMITE CEDULA,
,,,6,2021-03-25,,,VENCIMIENTO DE TERMINO,
,,,7,2021-04-13,,,SECRETARIA,P/ FIRMAR ULTIMO AVISO
,,,8,2021-07-29,,,TRAMITE CEDULA,
,,,9,2021-08-11,,,VENCIMIENTO DE TERMINO,
,,,10,2021-08-25,,,REGISTRO PROFESIONAL,
,,,11,2021-08-30,,,COMIS.INTERP.Y SANCIONES,
,,,12,2021-09-07,,,REUNN DE CONSEJO,
,,,13,2021-10-25,,,REUNN DE CONSEJO,
,,,14,2022-01-07,,,DPTO ADMINISTRATIVO,MARCE P/RESOL.
,,,15,2022-01-12,,,SECRETARIA,para firma de resolucion
,,,16,2022-01-18,,,SECRETARIA,PARA FIRMAR FOTOCOPIA RESOL.
,,,17,2022-01-20,,,TRAMITE CEDULA,
,,,18,2022-02-09,,,VENCIMIENTO DE TERMINO,VTO 16/2/2022
,,,19,2022-02-14,,,DPTO ADMINISTRATIVO,tere
,,,20,2022-02-21,,,TRAMITE CEDULA,ENTREGADA A MIGUEL
,,,21,2022-02-23,,,SECRETARIA,P/FIRMAR CEDULA NOTIF.
,,,22,2022-02-24,,,TRAMITE CEDULA,OCA
C,9,2021,1,2021-03-12,0,,CONSEJO PROFESIONAL DE INGENIEROS Y,
,,,2,,,,GEOLOGOS.-,"Actua de oficio en averiguacion situacion Empresa ""CAMPAMENTOS S.R.L."""
,,,3,,,,,"CUIT N: 30-69575303-5,derivada de Inspeccion realizada en fecha 15/12/2020"
,,,4,2021-03-15,,,SECRETARIA,
,,,5,2021-03-16,,,TRAMITE CEDULA,
,,,6,2021-03-25,,,VENCIMIENTO DE TERMINO,
,,,7,2021-04-08,,,SECRETARIA,FIRMA
,,,8,2021-04-09,,,COMIS.INTERP.Y SANCIONES,
,,,9,2021-04-21,,,DPTO ADMINISTRATIVO,Marce p/notificar
,,,10,2021-04-27,,,SECRETARIA,para firmar notif.
,,,11,2021-04-27,,,TRAMITE CEDULA,
,,,12,2021-05-18,,,COMIS.INTERP.Y SANCIONES,
,,,13,2021-05-20,,,SECRETARIA,RAUL
,,,14,2022-02-25,,,SECRETARIA,P/FIRMA 1ER CEDULA NOTIF.
,,,15,2022-02-25,,,TRAMITE CEDULA,OCA
C,10,2021,1,2021-03-12,0,,CONSEJO PROFESIONAL DE INGENIEROS Y,
,,,2,,,,GEOLOGOS.-,"Actua de oficio en averiguacion situacion Empresa ""VEGA SERVICIOS"
,,,3,,,,,"INDUSTRIALES S.A."", CUIT N: 30-70977616-5, derivada de Inspeccion realizad"
,,,4,,,,,a en fecha 15/12/2020.-
,,,5,2021-03-15,,,SECRETARIA,
,,,6,2021-03-16,,,TRAMITE CEDULA,
,,,7,2021-04-05,,,VENCIMIENTO DE TERMINO,
,,,8,2021-04-14,,,COMIS.INTERP.Y SANCIONES,
,,,9,2021-04-20,,,ASESORIA LETRADA,dr. pose
,,,10,2021-04-29,,,DPTO ADMINISTRATIVO,TERE
,,,11,2021-06-15,,,DPTO ADMINISTRATIVO,tere
,,,12,2021-06-24,,,SECRETARIA,firma nota ultimo aviso
,,,13,2021-06-30,,,TRAMITE CEDULA,entregada a Miguel p/notificar
,,,14,2021-07-08,,,ASESORIA LETRADA,Dr. Pose
,,,15,2021-07-13,,,DPTO ADMINISTRATIVO,tere
,,,16,2021-07-13,,,COMIS.INTERP.Y SANCIONES,
,,,17,2021-08-24,,,DPTO ADMINISTRATIVO,TERE
,,,18,2021-08-30,,,REUNN DE CONSEJO,
,,,19,2021-09-24,,,DPTO ADMINISTRATIVO,Marce p/Resol.
,,,20,2021-10-28,,,SECRETARIA,PARA FIRMA DE RESOLUCION
,,,21,2022-01-12,,,TRAMITE CEDULA,
,,,22,2022-02-09,,,ASESORIA LETRADA,POSE
,,,23,2022-02-14,,,DPTO ADMINISTRATIVO,tere
,,,24,2022-02-14,,,COMIS.INTERP.Y SANCIONES,
,,,25,2022-02-17,,,DPTO ADMINISTRATIVO,
,,,26,2022-02-25,,,SECRETARIA,P/FIRMA CEDULA NOTIF.
,,,27,2022-02-25,,,TRAMITE CEDULA,OCA
C,11,2021,1,2021-03-23,0,,CONSEJO PROFESIONAL DE INGENIEROS Y,
,,,2,,,,GEOLOGOS.-,"Actua de oficio en averiguacion situacion Empresa""DR CONSTRUCCIONES S.A."""
,,,3,,,,,"CUIT N: 30-70972287-1,derivada de Inspeccion realizada en fecha 15/12/2020"
,,,4,2021-03-25,,,SECRETARIA,
,,,5,2021-07-29,,,TRAMITE CEDULA,
,,,6,2021-08-11,,,VENCIMIENTO DE TERMINO,
,,,7,2021-08-25,,,SECRETARIA,
,,,8,2022-01-25,,,TRAMITE CEDULA,
,,,9,2022-02-21,,,VENCIMIENTO DE TERMINO,
,,,10,2022-02-25,,,SECRETARIA,FIRMA CEDULA NOTIF
,,,11,2022-02-25,,,TRAMITE CEDULA,OCA
A,12,2021,1,2021-03-30,0,,AUDITORIA CONTABLE EXTERNA PERMANENTE,
,,,2,,,,,Presenta estado de situacin patrimonial al 31/10/2020.
,,,3,2021-03-30,,,COMIS.INTERP.Y SANCIONES,
,,,4,2021-06-03,,,DPTO ADMINISTRATIVO,sin ser visto en com...viene sin nada
,,,5,2021-06-04,,,SECRETARIA,firma
,,,6,2021-06-14,,,REUNN DE CONSEJO,
,,,7,2021-08-31,,,DPTO ADMINISTRATIVO,Marce p/Resol.
,,,8,2021-11-04,,,ARCHIVO,
G,13,2021,1,2021-04-12,0,,"GARCIA, ROSA DEL CARMEN.- COMITENTE",
,,,2,,,,,"COMUNICA POCA PROFESIONALIDAD DE LIC. MARTA YUNES, MAT.10196-A, P/PLANO SIS"
,,,3,,,,,TEMA DE CONTINGENCIAS DE INCENDIO P/SU CARPINTERIA EN CALLE MANSILLA 488 -
,,,4,,,,,S.JOSE.- EXPTE. 2160-G-17 MUN.GLLEN. S/QUE LE RECONOZCA D. Y P. GENERADOS.
,,,5,2021-04-12,,,REGISTRO PROFESIONAL,
,,,6,2021-04-13,,,COMIS.INTERP.Y SANCIONES,
,,,7,2021-04-13,,,DPTO ADMINISTRATIVO,Marce p/notificar
,,,8,2021-04-19,,,SECRETARIA,para firmar cedula
,,,9,2021-04-23,,,TRAMITE CEDULA,
,,,10,2021-06-07,,,DPTO ADMINISTRATIVO,Marce p/notif.
,,,11,2021-07-06,,,TRAMITE CEDULA,
,,,12,2021-07-13,,,DPTO ADMINISTRATIVO,Marce p/notificar  cvnm
,,,13,2021-07-14,,,TRAMITE CEDULA,
A,14,2021,1,2021-04-13,0,,AUDITORIA CONTABLE EXTERNA PERMANENTE,
,,,2,,,,,PRESENTA ESTADO SITUACION PATRIMONIAL AL 30-11-2020.-
,,,3,2021-04-13,,,COMIS.INTERP.Y SANCIONES,
,,,4,2021-04-26,,,REUNN DE CONSEJO,
,,,5,2021-08-17,,,DPTO ADMINISTRATIVO,Marce p/Resol.*solo carat.buscar Expt4e
,,,6,2021-11-03,,,ARCHIVO,
C,15,2021,1,2021-04-21,0,,COMISION DE RELACIONES INSTITUCIONALES,
,,,2,,,,,ASUNTO...GALERIA DE FOTOS DE EX PRESIDENTES DEL COPIG.
,,,3,2021-04-21,,,COMIS.RELAC.INSTITUCION.,p/Ing. Jaurrieta
C,16,2021,1,2021-04-22,2192,E,CONSEJO PROFESIONAL DE INGENIEROS Y,
,,,2,,,,GEOLOGOS.-,"Actua de oficio en averiguacion situacion Empresa""VALENTINI, EDUARDO JAVIER"
,,,3,,,,,"MAT 2192 EM, CUIT N: 20-18080021-3, derivada de Inspeccion realizada en"
,,,4,,,,,fecha 15/12/2020.-
,,,5,2021-04-23,,,SECRETARIA,FIRMAR CEDULA NOTIF.
,,,6,2021-07-29,,,TRAMITE CEDULA,
,,,7,2021-08-11,,,VENCIMIENTO DE TERMINO,
,,,8,2021-08-25,,,SECRETARIA,
,,,9,2022-01-25,,,TRAMITE CEDULA,
,,,10,2022-02-09,,,VENCIMIENTO DE TERMINO,
,,,11,2022-02-16,,,REGISTRO PROFESIONAL,
,,,12,2022-02-21,,,COMIS.INTERP.Y SANCIONES,
,,,13,2022-02-22,,,VENCIMIENTO DE TERMINO,esperemos hasta el 7/3/22 x si descargo
C,17,2021,1,2021-04-27,0,,CONSEJO PROFESIONAL DE INGENIEROS Y,
,,,2,,,,GEOLOGOS.-,"Acta de oficio en averiguacin situacin Empresa ""LUBRICA INDUSTRIAL"""
,,,3,,,,,Ingeniera en Lubricacin y Filtracin.-
,,,4,2021-04-28,,,TRAMITE CEDULA,
,,,5,2021-04-28,,,VENCIMIENTO DE TERMINO,
,,,6,2021-05-13,,,SECRETARIA,FIRMAR ULTIMO AVISO
,,,7,2021-07-26,,,TRAMITE CEDULA,ULTIMO AVISO - SE ENVIO POR MAIL
,,,8,2021-07-28,,,DPTO ADMINISTRATIVO,Sofia
,,,9,2021-07-29,,,REGISTRO PROFESIONAL,
,,,10,2021-08-18,,,COMIS.INTERP.Y SANCIONES,
,,,11,2021-09-01,,,REUNN DE CONSEJO,
,,,12,2021-10-25,,,REUNN DE CONSEJO,
,,,13,2022-01-06,,,DPTO ADMINISTRATIVO,Marce p/Resol.
,,,14,2022-01-07,,,SECRETARIA,PARA FIRMAR RESOLUCION
,,,15,2022-01-18,,,SECRETARIA,PARA FIRMAR FOTOCOP RESOL
,,,16,2022-01-20,,,TRAMITE CEDULA,
,,,17,2022-02-09,,,DPTO ADMINISTRATIVO,
,,,18,2022-02-09,,,VENCIMIENTO DE TERMINO,VTO 14/2/22
,,,19,2022-02-16,,,DPTO ADMINISTRATIVO,tere
,,,20,2022-02-17,,,REGISTRO PROFESIONAL,
,,,21,2022-02-25,,,ASESORIA LETRADA,DRA.FERRER P/CONSULTA...NO TIENE CUIT
,,,22,2022-02-25,,,DPTO ADMINISTRATIVO,
,,,23,2022-02-25,,,COMIS.INTERP.Y SANCIONES,
C,18,2021,1,2021-04-28,8220,A,CONSEJO PROFESIONAL DE INGENIEROS Y,
,,,2,,,,GEOLOGOS.-,"Actua de oficio en averiguacion situacion Prof. Ing. Agronomo""LLAMES, MARIA"
,,,3,,,,,"SOLEDAD"", MAT. 8220 A, CUIT N: 27-21586075-8.-"
,,,4,2021-04-29,,,SECRETARIA,
,,,5,2021-05-04,,,SECRETARIA,
,,,6,2021-07-28,,,VENCIMIENTO DE TERMINO,cedula enviada por mail
,,,7,2021-08-27,,,REGISTRO PROFESIONAL,para registrar cuota 1/24 plan facilida
,,,8,2021-09-01,,,VENCIMIENTO DE TERMINO,plan facilidad de pago 24 cuotas
,,,9,2021-10-12,,,VENCIMIENTO DE TERMINO,
,,,10,2022-01-20,,,DPTO ADMINISTRATIVO,TERE
,,,11,2022-01-20,,,VENCIMIENTO DE TERMINO,va pagando plan
A,19,2021,1,2021-04-30,0,,AUDITORIA CONTABLE EXTERNA PERMANENTE,
,,,2,,,,,PRESENTA ESTADO SITUACION PATRIMONIAL AL 31-12-2020
,,,3,2021-04-30,,,SECRETARIA,firma
,,,4,2021-04-30,,,COMIS.INTERP.Y SANCIONES,
,,,5,2021-05-18,,,REUNN DE CONSEJO,
,,,6,2021-08-26,,,DPTO ADMINISTRATIVO,Marce p/hacer Resol.
,,,7,2021-11-03,,,ARCHIVO,
C,20,2021,1,2021-05-04,0,,CONSEJO PROFESIONAL DE INGENIEROS Y,
,,,2,,,,GEOLOGOS.-,"Actua de oficio en averiguacion situacion Profesional Ingeniero ""ROBERTO"
,,,3,,,,,"DEMONTE"", derivado de Inspeccion realizada en fecha 15/12/2020.-"
,,,4,2021-05-04,,,SECRETARIA,
,,,5,2021-07-28,,,VENCIMIENTO DE TERMINO,
,,,6,2021-08-18,,,SECRETARIA,ULTIMO AVISO
,,,7,2022-01-25,,,TRAMITE CEDULA,
,,,8,2022-02-09,,,REGISTRO PROFESIONAL,
,,,9,2022-02-23,,,COMIS.INTERP.Y SANCIONES,
C,21,2021,1,2021-05-05,1257,E,CONSEJO PROFESIONAL DE INGENIEROS Y,
,,,2,,,,GEOLOGOS.-,"Actua de oficio en averiguacion situacion Empresa ""LA COOPERATIVA, EMPRESA"
,,,3,,,,,"ELECTRICA DE GODOY CRUZ, EDIFICACION, SERVICIOS PUBLICOS Y CONSUMO LIMITADA"
,,,4,,,,,MAT. 1257 EM - CUIT N: 30-54571754-5.-
,,,5,2021-05-06,,,SECRETARIA,
,,,6,2021-06-11,,,TRAMITE CEDULA,
,,,7,2021-06-22,,,VENCIMIENTO DE TERMINO,
,,,8,2021-07-02,,,REGISTRO PROFESIONAL,
,,,9,2021-11-03,,,DPTO ADMINISTRATIVO,tere
,,,10,2021-11-03,,,ARCHIVO,c/previo conocimiento de la Inspectora
C,22,2021,1,2021-05-05,0,,CONSEJO PROFESIONAL DE INGENIEROS Y,
,,,2,,,,GEOLOGOS.-,"Actua de oficio en averiguacion situacion Empresa ""ELECTRICA S.A."","
,,,3,,,,,CUIT N: 30-70898259-4.-
,,,4,2021-12-06,,,COMIS.INTERP.Y SANCIONES,
,,,5,2022-01-03,,,DPTO ADMINISTRATIVO,SOFIA ULTIMO AVISO
,,,6,2022-01-03,,,COMIS.INTERP.Y SANCIONES,
,,,7,2022-02-14,,,DPTO ADMINISTRATIVO,tere
,,,8,2022-02-14,,,DPTO ADMINISTRATIVO,tere
,,,9,2022-02-14,,,ARCHIVO,EN CARACTER DE PENDIENTE
C,23,2021,1,2021-05-06,3424,E,CONSEJO PROFESIONAL DE INGENIEROS Y,
,,,2,,,,GEOLOGOS.-,"Actua de oficio en averiguacion situacion Empresa ""CARTERA DE INVERSIONES"
,,,3,,,,,"ARGENTINA S.A."", MAT. 3424 EM - CUIT N: 30-70867463-6, derivada de"
,,,4,,,,,Inspeccion realizada en fecha 15/12/2020.-
,,,5,2021-05-06,,,SECRETARIA,
,,,6,2021-07-29,,,SECRETARIA,
,,,7,2021-07-30,,,VENCIMIENTO DE TERMINO,
,,,8,2021-10-12,,,REGISTRO PROFESIONAL,
,,,9,2021-11-04,,,DPTO ADMINISTRATIVO,Sofi p/notif.en dom.AFIP
,,,10,2021-11-05,,,SECRETARIA,
,,,11,2021-11-10,,,TRAMITE CEDULA,
,,,12,2021-11-29,,,VENCIMIENTO DE TERMINO,
,,,13,2021-12-15,,,SECRETARIA,firma Ultimo Aviso
,,,14,2022-01-21,,,TRAMITE CEDULA,
,,,15,2022-02-08,,,DPTO ADMINISTRATIVO,Tere/ solicitan prorroga para Rep Tco
,,,16,2022-02-08,,,DPTO CONTABLE,Daniel p/inf.monto deuda a la empresa
,,,17,2022-02-08,,,DPTO ADMINISTRATIVO,Marce p/contestar x mail la prorroga
,,,18,2022-02-08,,,VENCIMIENTO DE TERMINO,VTO 4/3/2022
C,24,2021,1,2021-05-06,0,,CONSEJO PROFESIONAL DE INGENIEROS Y,
,,,2,,,,GEOLOGOS.-,"Actua de oficio en averiguacion situacion Empresa ""CHILLCANEOS S.A."""
,,,3,,,,,"CUIT N: 30-70906799-7,derivada de Inspeccion realizada en fecha 23/04/2021"
,,,4,,,,,Ref. Nota 3-B-2021.-
,,,5,2021-05-11,,,SECRETARIA,
,,,6,2021-07-28,,,TRAMITE CEDULA,MIGUEL
,,,7,2021-10-12,,,REGISTRO PROFESIONAL,
,,,8,2021-11-04,,,INSPECTOR,Sofi p/averiguar constitucion S.A.
,,,9,2021-11-04,,,COMIS.INTERP.Y SANCIONES,P/VER TRAMITE A SEGUIR
,,,10,2021-11-17,,,DPTO ADMINISTRATIVO,
,,,11,2021-11-25,,,INSPECTOR,p/averiguar mas datos...
,,,12,2021-11-30,,,SECRETARIA,
,,,13,2022-01-24,,,TRAMITE CEDULA,
,,,14,2022-02-07,,,VENCIMIENTO DE TERMINO,
,,,15,2022-02-16,,,REGISTRO PROFESIONAL,
,,,16,2022-02-21,,,COMIS.INTERP.Y SANCIONES,
C,25,2021,1,2021-05-07,0,,CONSEJO PROFESIONAL DE INGENIEROS Y,
,,,2,,,,GEOLOGOS.-,"Actua de oficio en averiguacion situacion Empresa ""HJT CONSTRUIR INVERSORA"
,,,3,,,,,"S.A., CUIT N: 30-70908748-3, derivada de Inspeccion realizada en fecha"
,,,4,,,,,23/04/2021. Ref. (Nota: 3-B-2021)
,,,5,2021-05-11,,,SECRETARIA,
,,,6,2021-07-28,,,TRAMITE CEDULA,
,,,7,2021-07-28,,,TRAMITE CEDULA,MIGUEL
,,,8,2021-11-16,,,COMIS.INTERP.Y SANCIONES,
,,,9,2021-11-23,,,ASESORIA LETRADA,dr. POSE
,,,10,2021-11-25,,,COMIS.INTERP.Y SANCIONES,con Dictamen Dr. Pose
,,,11,2021-12-22,,,DPTO ADMINISTRATIVO,TERE P/ELABORAR VISTO
,,,12,2021-12-27,,,ASESORIA LETRADA,Dr. Pose nuevam.Cambiaron activ.en AFIP
,,,13,2021-12-30,,,ARCHIVO,en caracter de PENDIENTE
C,26,2021,1,2021-05-07,0,,CONSEJO PROFESIONAL DE INGENIEROS Y,
,,,2,,,,GEOLOGOS.-,"Actua de oficio en averiguacion situacion Empresa ""ITALTECNICA S.A."""
,,,3,,,,,"CUIT N: 30-71005573-0,derivada de Inspeccion realizada en fecha 23/04/2021"
,,,4,,,,,Ref. (Nota: 3-B-2021).-
,,,5,2021-07-28,,,TRAMITE CEDULA,MIGUEL
,,,6,2021-08-12,,,COMIS.INTERP.Y SANCIONES,
,,,7,2021-08-24,,,TRAMITE CEDULA,PENDIENTE / BUSCAR NUEVA DIRECCION
,,,8,2021-11-17,,,DPTO ADMINISTRATIVO,
,,,9,2021-11-25,,,ARCHIVO,en caracter de PENDIENTE
C,27,2021,1,2021-05-10,0,,CONSEJO PROFESIONAL DE INGENIEROS Y,
,,,2,,,,GEOLOGOS.-,"Actua de oficio en averiguacion situacion Empresa ""FINCA SINFO S.A."""
,,,3,,,,,"CUIT N: 30-71008647-4,derivada de Inspeccion realizada en fecha 23/04/2021"
,,,4,,,,,Ref.(Nota: 3-B-2021).-
,,,5,2021-05-11,,,SECRETARIA,
,,,6,2021-07-28,,,TRAMITE CEDULA,MIGUEL
,,,7,2021-08-12,,,COMIS.INTERP.Y SANCIONES,
,,,8,2021-11-17,,,DPTO ADMINISTRATIVO,
,,,9,2021-11-25,,,ARCHIVO,EN CARACTER DE PENDIENTE
C,28,2021,1,2021-05-10,0,,CONSEJO PROFESIONAL DE INGENIEROS Y,
,,,2,,,,GEOLOGOS.-,"Actua de oficio en averiguacion situacion Empresa ""COSCEX S.A."""
,,,3,,,,,"CUIT N: 30-66077321-1,derivada de Inspeccion realizada en fecha 23/04/2021"
,,,4,,,,,Ref.(Nota:3-B-2021).-
,,,5,2021-05-11,,,SECRETARIA,
,,,6,2021-07-28,,,TRAMITE CEDULA,MIGUEL
,,,7,2021-08-18,,,VENCIMIENTO DE TERMINO,
,,,8,2021-08-30,,,SECRETARIA,P/FIRMA ULTIMO AVISO
,,,9,2022-01-25,,,TRAMITE CEDULA,
,,,10,2022-02-07,,,VENCIMIENTO DE TERMINO,
,,,11,2022-02-16,,,REGISTRO PROFESIONAL,
,,,12,2022-02-18,,,COMIS.INTERP.Y SANCIONES,
,,,13,2022-02-22,,,ASESORIA LETRADA,Dr. Pose
,,,14,2022-02-25,,,COMIS.INTERP.Y SANCIONES,
C,29,2021,1,2021-05-10,0,,CONSEJO PROFESIONAL DE INGENIEROS Y,
,,,2,,,,GEOLOGOS.-,"Actua de oficio en averiguacion situacion Empresa""SELLERS SOCIEDAD ANONIMA"""
,,,3,,,,,"CUIT : 30-71054055-8,derivada de Inspeccion realizada en fecha 23/04/2021"
,,,4,,,,,Ref.(Nota 3-B-2021).-
,,,5,2021-05-12,,,SECRETARIA,
,,,6,2021-07-28,,,TRAMITE CEDULA,MIGUEL
,,,7,2021-08-12,,,COMIS.INTERP.Y SANCIONES,
,,,8,2021-08-24,,,TRAMITE CEDULA,PENDIENTE / BUSCAR NUEVA DIRECCION
,,,9,2021-11-17,,,DPTO ADMINISTRATIVO,
,,,10,2021-11-25,,,ARCHIVO,EN CARACTER DE PENDIENTE
C,30,2021,1,2021-05-10,0,,CONSEJO PROFESIONAL DE INGENIEROS Y,
,,,2,,,,GEOLOGOS.-,"Actua de oficio en averiguacion situacion Empresa ""TAU S.A."""
,,,3,,,,,"CUIT N: 30-71063538-9,derivada de Inspeccion realizada en fecha 23/04/2021"
,,,4,,,,,Ref.(Nota 3-B-2021).-
,,,5,2021-05-13,,,SECRETARIA,
,,,6,2021-07-26,,,TRAMITE CEDULA,
,,,7,2021-08-04,,,VENCIMIENTO DE TERMINO,
,,,8,2021-08-25,,,SECRETARIA,
,,,9,2022-01-25,,,TRAMITE CEDULA,
,,,10,2022-02-07,,,VENCIMIENTO DE TERMINO,
,,,11,2022-02-21,,,REGISTRO PROFESIONAL,
,,,12,2022-02-21,,,COMIS.INTERP.Y SANCIONES,
C,31,2021,1,2021-05-10,0,,CONSEJO PROFESIONAL DE INGENIEROS Y,
,,,2,,,,GEOLOGOS.-,"Actua de oficio en averiguacion situacion Empresa ""ORGANIZACION SANUS S.A."""
,,,3,,,,,"CUIT N: 30-71066547-4, derivada de Inspeccion realizada en fecha 23/04/2021"
,,,4,,,,,Ref.(Nota: 3-B-2021).-
,,,5,,,,REGISTRO PROFESIONAL,
,,,6,2021-05-13,,,SECRETARIA,
,,,7,2021-07-26,,,TRAMITE CEDULA,MIGUEL PARA ENTREGAR CEDULA NOTIF.
,,,8,2021-08-24,,,TRAMITE CEDULA,PENDIENTE / BUSAR NUEVA DIRECCION
,,,9,2021-10-12,,,COMIS.INTERP.Y SANCIONES,
,,,10,2021-11-17,,,DPTO ADMINISTRATIVO,
,,,11,2021-11-25,,,ARCHIVO,EN CARACTER DE PENDIENTE
C,32,2021,1,2021-05-10,0,,CONSEJO PROFESIONAL DE INGENIEROS Y,
,,,2,,,,GEOLOGOS.-,"Actua de oficio en averiguacion situacion Empresa ""GORY S.A."""
,,,3,,,,,"CUIT N: 30-71150562-4,derivada de Inspeccion realizada en fecha 23/04/2021"
,,,4,,,,,Ref.(Nota:3-B-2021).-
,,,5,2021-05-13,,,SECRETARIA,
,,,6,2021-07-26,,,TRAMITE CEDULA,MIGUEL PARA ENTREGAR CEDULA NOTIF.
,,,7,2021-08-18,,,VENCIMIENTO DE TERMINO,
,,,8,2021-10-12,,,REGISTRO PROFESIONAL,
,,,9,2021-11-02,,,TRAMITE CEDULA,
,,,10,2022-02-08,,,TRAMITE CEDULA,
,,,11,2022-02-16,,,VENCIMIENTO DE TERMINO,
C,33,2021,1,2021-05-10,2491,E,CONSEJO PROFESIONAL DE INGENIEROS Y,
,,,2,,,,GEOLOGOS.-,"Actua de oficio en averiguacion situacion Empresa ""FENCA S.A."", MAT 2491 EM"
,,,3,,,,,"CUIT N:30-68932132-8, derivada de Inspeccion realizada en fecha 23/04/2021"
,,,4,,,,,Ref.(Nota: 3-B-2021).-
,,,5,2021-05-13,,,SECRETARIA,
,,,6,2021-07-26,,,TRAMITE CEDULA,MIGUEL PARA ENTREGAR CEDULA NOTIF.
,,,7,2021-08-18,,,VENCIMIENTO DE TERMINO,estan tramitando plan facildiades
,,,8,2021-09-09,,,TRAMITE CEDULA,
,,,9,2021-09-09,,,VENCIMIENTO DE TERMINO,
,,,10,2021-09-22,,,DPTO ADMINISTRATIVO,TERE
,,,11,2021-09-23,,,REGISTRO PROFESIONAL,
,,,12,2022-02-24,,,DPTO CONTABLE,"DANIEL, P/ENVIAR MAIL P/DEUDA 2022"
,,,13,2022-02-24,,,VENCIMIENTO DE TERMINO,
C,34,2021,1,2021-05-12,3103,E,CONSEJO PROFESIONAL DE INGENIEROS Y,
,,,2,,,,GEOLOGOS.-,"Actua de oficio en averiguacion situacion Empresa ""CONCRETO CONSTRUCCIONES"
,,,3,,,,,"S.R.L."" MAT. 3103 EM, CUIT N: 30-70978242-4.-"
,,,4,2021-02-16,,,REGISTRO PROFESIONAL,
,,,5,2021-05-12,,,SECRETARIA,
,,,6,2021-07-29,,,TRAMITE CEDULA,se envio por bolsa a San Rafael
,,,7,2021-10-13,,,DPTO ADMINISTRATIVO,MARCE
,,,8,2021-10-14,,,COMIS.INTERP.Y SANCIONES,
,,,9,2021-10-27,,,TRAMITE CEDULA,
,,,10,2021-11-08,,,COMIS.INTERP.Y SANCIONES,
,,,11,2021-11-23,,,ASESORIA LETRADA,dr. pose
,,,12,2021-12-09,,,DPTO ADMINISTRATIVO,Marce p/enviar nota a Persona Juridica
,,,13,2021-12-09,,,TRAMITE CEDULA,
,,,14,2022-01-11,,,DPTO ADMINISTRATIVO,TERE para evaluar como seguimos
,,,15,2022-02-10,,,DPTO ADMINISTRATIVO,se hizo reclamo de informe/ Tere
,,,16,2022-02-10,,,VENCIMIENTO DE TERMINO,"se reclama, vto nuevo 24/02/22"
,,,17,2022-02-16,,,DPTO ADMINISTRATIVO,tere
,,,18,2022-02-16,,,DPTO ADMINISTRATIVO,tere
,,,19,2022-02-16,,,ASESORIA LETRADA,dr POSE
,,,20,2022-02-25,,,ASESORIA LETRADA,DR. POSE P/CONSULTAR
C,35,2021,1,2021-05-12,0,,CONSEJO PROFESIONAL DE INGENIEROS Y,
,,,2,,,,GEOLOGOS.-,"Actua de oficio en averiguacion situacion Empresa ""VOLTA ENERGIA S.A."""
,,,3,,,,,CUIT N: 30-71551856-9.-
,,,4,2021-05-12,,,SECRETARIA,
,,,5,2021-07-26,,,TRAMITE CEDULA,CEDULA ENVIADA A SEDE S.RAFAEL P/ENTREG
,,,6,2021-08-04,,,VENCIMIENTO DE TERMINO,
,,,7,2021-08-25,,,SECRETARIA,
,,,8,2021-11-16,,,TRAMITE CEDULA,SE ENVIO ULT.AVISO P/BOLSA A SAN RAFAEL
,,,9,2021-11-25,,,VENCIMIENTO DE TERMINO,
,,,10,2021-12-20,,,REGISTRO PROFESIONAL,PARA INFORME - ULTIMO AVISO VENCIDO
,,,11,2022-02-01,,,COMIS.INTERP.Y SANCIONES,
,,,12,2022-02-14,,,DPTO ADMINISTRATIVO,tere
,,,13,2022-02-18,,,REUNN DE CONSEJO,DEL 21-02-22
C,36,2021,1,2021-05-14,0,,CONSEJO PROFESIONAL DE INGENIEROS Y,
,,,2,,,,GEOLOGOS,"S/A LA DIRECCION DE RECURSOS NATURALES RENOVABLES, NOMINA COMPLETA ORGANIS-"
,,,3,,,,,"MOS, EMPRESAS Y PROFESIONALES RESPONSABLES DE LA PODA DEL ARBOLADO PUBLICO"
,,,4,,,,,DE LA PROVINCIA.
,,,5,2021-05-14,,,DPTO ADMINISTRATIVO,Marce
,,,6,2021-05-19,,,DPTO ADMINISTRATIVO,MARCE.
,,,7,2021-06-10,,,PENDIENTE,
,,,8,2021-06-25,,,SECRETARIA,p/ver quienes contestaron...
,,,9,2021-06-28,,,DPTO ADMINISTRATIVO,Marce p/chequear si recbieron mail Muni
,,,10,2021-07-05,,,DPTO ADMINISTRATIVO,MARCE EN ESCRITORIO
,,,11,2021-07-13,,,PENDIENTE,en CAJA PENDIENTES DETRAS DE TERE
,,,12,2021-07-26,,,REGISTRO PROFESIONAL,para informe
,,,13,2021-10-18,,,VENCIMIENTO DE TERMINO,
,,,14,2021-10-18,,,REGISTRO PROFESIONAL,VUELVE PARA INFORME
,,,15,2022-02-01,,,COMIS.INTERP.Y SANCIONES,
C,37,2021,1,2021-04-29,0,,CONSEJO PROFESIONAL DE INGENIEROS Y,
,,,2,,,,GEOLOGOS,ACTUA DE OFICIO EN AVERIGUACION SITUACION EMPRESA FIREPROOF S.A.
,,,3,2021-05-21,,,DPTO ADMINISTRATIVO,SE le acum.Exp.128/c/16 y 61/F/12
,,,4,2021-05-21,,,DPTO ADMINISTRATIVO,Marce p/notif.
,,,5,2021-07-26,,,TRAMITE CEDULA,
,,,6,2021-07-28,,,DPTO ADMINISTRATIVO,Marce
,,,7,2021-07-28,,,TRAMITE CEDULA,
,,,8,2021-08-18,,,DPTO ADMINISTRATIVO,
,,,9,2021-08-19,,,DPTO ADMINISTRATIVO,TERE
,,,10,2021-08-23,,,ASESORIA LETRADA,Dr. Pose p/analizar carta documento
,,,11,2021-08-26,,,DPTO ADMINISTRATIVO,TERE
,,,12,2021-08-26,,,ASESORIA LETRADA,Dr. Pose
,,,13,2021-08-31,,,DPTO ADMINISTRATIVO,tere
,,,14,2021-09-01,,,TRAMITE CEDULA,SALIO CARTA DOC P/FIRMA PIASTRELLINI SR
,,,15,2021-09-10,,,TRAMITE CEDULA,
,,,16,2021-09-13,,,VENCIMIENTO DE TERMINO,
,,,17,2021-10-12,,,REGISTRO PROFESIONAL,
,,,18,2022-02-21,,,COMIS.INTERP.Y SANCIONES,
A,38,2020,1,2021-06-04,0,,AUDITORIA CONTABLE EXTERNA PERMANENTE,
,,,2,,,,,PRESENTA ESTADO SITUACION PATRIMONIAL AL 28 DE FEBRERO DE 2020.-
,,,3,2020-03-30,,,COMIS.INTERP.Y SANCIONES,
,,,4,2021-06-01,,,DPTO ADMINISTRATIVO,
,,,5,2021-06-04,,,SECRETARIA,FIRMA PASE A R.C. no trat.en com.
,,,6,2021-06-14,,,REUNN DE CONSEJO,
,,,7,2021-08-31,,,DPTO ADMINISTRATIVO,Marce p/Resol.
,,,8,2021-11-03,,,ARCHIVO,
,,,9,2021-11-03,,,ARCHIVO,
F,39,2021,1,2021-06-08,0,,FEDERACION ARGENTINA DE INGENIERIA CIVIL,
,,,2,,,, *FADIC_*,ASUNTO...DOCUMENTACION CORRESPONDIENTE A;O 2021
,,,3,2021-06-08,,,PENDIENTE,
,,,4,2021-06-09,,,PENDIENTE,
,,,5,2021-06-10,,,PENDIENTE,
,,,6,2021-07-16,,,DPTO ADMINISTRATIVO,acumulado a Expte. 43/F/21
J,40,2021,1,2021-05-31,0,,JUNTA ELECTORAL-ELECCION REPRESENTANTES,
,,,2,,,,ANTE LA CAJA PREVISIONAL,INFORMA INICIO DE ACTIVIDADES PROCESO ELECCIONARIO DE REPRESENTANTES ANTE
,,,3,,,,,"LA CAJA PREVISIONAL, SEGUN LO PREVISTO EN LA MODIFICACION A LA LEY 7361."
,,,4,,,,,-SECRETARIA ADJUNTA SRTA. ERICA VIDELA-
,,,5,2021-05-31,,,DPTO ADMINISTRATIVO,SE LE AGREGAN NOTAS  29-C-21 Y  7-J-21
,,,6,2021-05-31,,,REUNN DE CONSEJO,
,,,7,2021-06-10,,,Junta Electoral,ARMARIO ERICA
A,41,2021,1,2021-06-10,0,,AUDITORIA CONTABLE EXTERNA PERMANENTE,
,,,2,,,,,PRESENTA estado de situacion patrimonial al 31/01/2021
,,,3,2021-06-10,,,COMIS.INTERP.Y SANCIONES,
,,,4,2021-06-29,,,REUNN DE CONSEJO,
,,,5,2021-09-02,,,DPTO ADMINISTRATIVO,Marce p/Resol.
,,,6,2021-11-03,,,ARCHIVO,
A,42,2021,1,2021-06-14,0,,AUDITORIA CONTABLE EXTERNA PERMANENTE,
,,,2,,,,,PRESENTA estado de situacion Patrimonial al 28 de Febrero de 2021.
,,,3,2021-06-14,,,COMIS.INTERP.Y SANCIONES,
,,,4,2021-06-29,,,REUNN DE CONSEJO,
,,,5,2021-09-02,,,DPTO ADMINISTRATIVO,Marce p/Resol.
,,,6,2021-11-03,,,ARCHIVO,
F,43,2021,1,2021-06-18,0,,FEDERACION ARGENTINA DE INGENIERIA CIVIL,
,,,2,,,,FADIC,"CONVOCATORIA ASAMBLEA GENERAL ORDINARIA, P/PLATAFORMA ZOOM, EL 23 DE JULIO"
,,,3,,,,,DE 2021 A LAS 16 HS.
,,,4,2021-06-24,,,SECRETARIA,CARPETA CRISTAL
,,,5,2021-06-30,,,DPTO CONTABLE,fotoc.Carta Doc.p/verif.pagos hast.jun.
,,,6,2021-06-30,,,PRESIDENCIA,Envie escaneada cart.doc a Piastrellini
,,,7,2021-06-30,,,PENDIENTE,Bibliorato exptes.
,,,8,2021-07-16,,,DPTO ADMINISTRATIVO,SE LE ACUMULA EL EXP. 39/F/21
,,,9,2021-07-16,,,PENDIENTE,
P,44,2021,1,2021-06-29,0,,PRESIDENCIA Y SECRETARIA DEL CONSEJO,
,,,2,,,,PROFESIONAL DE INGENIEROS Y GEOLOGOS,ASUNTO...*ACCIONES DE CUMPLIMIENTO DECRETO LEY 3485/63 Y MODIF.-NOTIFICACIO
,,,3,,,,,"NES A ORGANISMOS PUBLICOS, MUNICIPIOS, ETC."
,,,4,2021-06-29,,,INSPECTOR,Se pidio a Sofi ubic.y envio notas mail
,,,5,2021-06-29,,,COMIS.INTERP.Y SANCIONES,INFORMARA DELLE DONNE
,,,6,2021-08-23,,,DPTO ADMINISTRATIVO,SE LE ACUMULA EL 91/C/19
G,45,2021,1,2021-07-16,0,,"GIUNTA, ELINA INES TERESITA. LIC.",
,,,2,,,,   DNI 16982998,"ASUNTO...DENUNCIA AL ING. RUBEN ANGEL RIJAVEC, DNI 14.499.691, P/ABANDONO"
,,,3,,,,,DE OBRA EN EXPTE. 10239-G-95 -MUNICIPALIDAD DE LA CIUDAD DE MENDOZA.
,,,4,2021-07-16,,,REGISTRO PROFESIONAL,
,,,5,2021-07-16,,,DPTO ADMINISTRATIVO,"Marce,"
,,,6,2021-07-21,,,DPTO ADMINISTRATIVO,Marce p/notif.
,,,7,2021-07-26,,,TRAMITE CEDULA,
,,,8,2021-07-30,,,TRAMITE CEDULA,
,,,9,2021-08-12,,,VENCIMIENTO DE TERMINO,vto 14/10/2021
,,,10,2021-08-19,,,DPTO ADMINISTRATIVO,Tere para evaluar
,,,11,2021-08-23,,,DPTO ADMINISTRATIVO,Marce p/notif.
,,,12,2021-09-15,,,SECRETARIA,PARA FIRMAR CEDULA NOTIFICATORIA
,,,13,2021-09-24,,,TRAMITE CEDULA,
,,,14,2021-10-01,,,TRAMITE CEDULA,se lo notifio a Ing. Rijavec
,,,15,2021-10-12,,,DPTO ADMINISTRATIVO,tere
,,,16,2021-10-12,,,VENCIMIENTO DE TERMINO,
,,,17,2021-10-18,,,COMIS.INTERP.Y SANCIONES,
,,,18,2021-10-20,,,DPTO ADMINISTRATIVO,tere
,,,19,2021-10-21,,,DPTO ADMINISTRATIVO,Marce p/notif.
,,,20,2021-10-22,,,SECRETARIA,PARA FIRMAR NOTIFICACION ULTIMA
,,,21,2021-10-26,,,TRAMITE CEDULA,notificado el Ing. Rijavec ultimo aviso
,,,22,2021-10-29,,,TRAMITE CEDULA,
,,,23,2021-11-02,,,VENCIMIENTO DE TERMINO,vence el 15/11/2021
,,,24,2021-11-16,,,COMIS.INTERP.Y SANCIONES,
,,,25,2021-11-24,,,DPTO ADMINISTRATIVO,tere
,,,26,2021-12-09,,,DPTO ADMINISTRATIVO,Marce p/notificar
,,,27,2022-02-10,,,TRAMITE CEDULA,
,,,28,2022-02-25,,,DPTO ADMINISTRATIVO,SE LE AGREGA NOTA 1-G-22.-
,,,29,2022-02-25,,,COMIS.INTERP.Y SANCIONES,
C,46,2021,1,2021-08-02,0,,CONSEJO PROFESIONAL DE INGENIEROS Y,
,,,2,,,,GEOLOGOS.,Actua de oficio en averiguacion situacion Empresa PROYECTO CONSTRUCTIVO SAN
,,,3,,,,,"JOSE S.A., CUIT 30-71239339-0, deivado de Inspeccion realizada en fecha"
,,,4,,,,,10/05/2021 (REF. NOTA 4-B-2021
,,,5,2021-08-03,,,SECRETARIA,FIRMA CEDULA NOTIF./
,,,6,2021-08-04,,,TRAMITE CEDULA,MIGUEL PARA ENTREGAR
,,,7,2021-08-18,,,VENCIMIENTO DE TERMINO,
,,,8,2021-10-12,,,REGISTRO PROFESIONAL,
,,,9,2021-11-02,,,TRAMITE CEDULA,
,,,10,2021-12-02,,,DPTO ADMINISTRATIVO,TERE
,,,11,2021-12-03,,,INSPECTOR,
,,,12,2021-12-03,,,DPTO ADMINISTRATIVO,tere
,,,13,2021-12-03,,,TRAMITE CEDULA,MIGUEL PARA ENTREGAR
,,,14,2022-02-08,,,TRAMITE CEDULA,Miguel p/notificar
C,47,2021,1,2021-08-02,0,,CONSEJO PROFESIONAL DE INGENIEROS Y,
,,,2,,,,GEOLOGOS.-,Actua de oficio en averiguacion situacion Empresa MAANOM S.A.
,,,3,,,,,"CUIT 30-71433396-4, derivado de Inspeccion realizada en fecha 10/05/2021"
,,,4,,,,,Ref. Nota 4-B-2021.-
,,,5,2021-08-03,,,SECRETARIA,FIRMAR CEDULA NOTIF./
,,,6,2021-08-04,,,TRAMITE CEDULA,
,,,7,2021-08-11,,,VENCIMIENTO DE TERMINO,
,,,8,2021-10-12,,,COMIS.INTERP.Y SANCIONES,
,,,9,2021-10-12,,,COMIS.INTERP.Y SANCIONES,
,,,10,2021-10-23,,,DPTO ADMINISTRATIVO,MARCE
,,,11,2021-10-25,,,DPTO ADMINISTRATIVO,TERE
,,,12,2021-10-26,,,DPTO ADMINISTRATIVO,Marce p/notif.
,,,13,2021-10-29,,,SECRETARIA,PARA LA FIRMA DE CEDULA NOTIF
,,,14,2021-11-11,,,TRAMITE CEDULA,SALE POR OCA
,,,15,2022-01-04,,,COMIS.INTERP.Y SANCIONES,
,,,16,2022-02-14,,,DPTO ADMINISTRATIVO,tere
,,,17,2022-02-14,,,DPTO ADMINISTRATIVO,tere
,,,18,2022-02-14,,,DPTO ADMINISTRATIVO,p/notificar
,,,19,2022-02-16,,,SECRETARIA,
C,48,2021,1,2021-08-03,0,,CONSEJO PROFESIONAL DE INGENIEROS Y,
,,,2,,,,GEOLOGOS./,Actua de oficio en averiguacion situacion Empresa LAGO AZUL S.R.L.
,,,3,,,,,"CUIT 30-69954764-2, derivada de Inspeccion realizada en fecha 10/05/2021"
,,,4,,,,,Ref. Nota 4-B-2021.-
,,,5,2021-08-04,,,SECRETARIA,FIRMAR CEDULA NOTIF.
,,,6,2021-08-11,,,TRAMITE CEDULA,
,,,7,2021-08-26,,,VENCIMIENTO DE TERMINO,
,,,8,2021-10-01,,,COMIS.INTERP.Y SANCIONES,p/que visen descago cambio ante AFIP
,,,9,2021-10-18,,,ARCHIVO,
C,49,2021,1,2021-08-03,0,,CONSEJO PROFESIONAL DE INGENIEROS Y,
,,,2,,,,GEOLOGOS,Actua de oficio en averiguacion situacion Empresa SIMA S.R.L.
,,,3,,,,,"CUIT 30-70747842-6, derivada de Inspeccion realizada en fecha 10/05/2021"
,,,4,,,,,Ref. Nota 4-B-2021
,,,5,2021-08-04,,,SECRETARIA,FIRMAR CEDULA NOTIF.
,,,6,2021-08-11,,,TRAMITE CEDULA,miguel
,,,7,2021-10-12,,,REGISTRO PROFESIONAL,
,,,8,2021-11-04,,,DPTO ADMINISTRATIVO,Sofi ultimo aviso
,,,9,2021-11-05,,,SECRETARIA,
,,,10,2021-11-09,,,TRAMITE CEDULA,MIGUEL
,,,11,2021-12-07,,,SECRETARIA,vinieron a conversar de la emp SIMA
,,,12,2021-12-20,,,COMIS.INTERP.Y SANCIONES,
C,50,2021,1,2021-08-04,0,,CONSEJO PROFESIONAL DE INGENIEROS Y,
,,,2,,,,GEOLOGOS.-,Actua de oficio en averiguacion situacion Empresa DESARROLLOS REAL STATE SA
,,,3,,,,,"CUIT 30-70867456-3, derivada de Inspeccion realizada en fecha 10/05/2021"
,,,4,,,,,Ref Nota 4-B-2021.-
,,,5,2021-08-09,,,SECRETARIA,
,,,6,2021-08-11,,,TRAMITE CEDULA,
,,,7,2021-10-12,,,REGISTRO PROFESIONAL,
,,,8,2021-11-04,,,DPTO ADMINISTRATIVO,Sofi p/'ultimo aviso
,,,9,2021-11-05,,,SECRETARIA,
,,,10,2021-11-09,,,TRAMITE CEDULA,
,,,11,2021-11-16,,,VENCIMIENTO DE TERMINO,ULTIMO AVISO
,,,12,2021-11-29,,,REGISTRO PROFESIONAL,
,,,13,2021-11-29,,,COMIS.INTERP.Y SANCIONES,
,,,14,2022-01-03,,,REUNN DE CONSEJO,
C,51,2021,1,2021-08-06,2493,E,CONSEJO PROFESIONAL DE INGENIEROS Y,
,,,2,,,,GEOLOGOS.-,"Actua de oficio en averiguacion situacion Empresa ARCHI S.R.L., Mat.2493 EM"
,,,3,,,,,"CUIT 30-70810305-1, derivada de Inspeccion realizada en fecha 10/05/2021"
,,,4,,,,,Ref. Nota 4-B-2021.-
,,,5,2021-08-09,,,SECRETARIA,
,,,6,2021-08-11,,,TRAMITE CEDULA,
,,,7,2021-11-16,,,COMIS.INTERP.Y SANCIONES,egea
,,,8,2021-11-24,,,DPTO ADMINISTRATIVO,TERE
,,,9,2021-12-09,,,DPTO ADMINISTRATIVO,
,,,10,2021-12-13,,,SECRETARIA,
,,,11,2022-01-24,,,TRAMITE CEDULA,se envio por mail
,,,12,2022-02-09,,,REGISTRO PROFESIONAL,
,,,13,2022-02-23,,,COMIS.INTERP.Y SANCIONES,
C,52,2021,1,2021-08-06,0,,CONSEJO PROFESIONAL DE INGENIEROS Y,
,,,2,,,,GEOLOGOS.-,Actua de oficio en averiguacion situacion Empresa FETUCE S.A.
,,,3,,,,,"CUIT 30-71568184-2, derivada de Inspeccion realizada en fecha 10/05/2021"
,,,4,,,,,Ref. Nota 4-B-2021.-
,,,5,2021-08-09,,,SECRETARIA,
,,,6,2021-08-11,,,TRAMITE CEDULA,
,,,7,2021-08-26,,,VENCIMIENTO DE TERMINO,
,,,8,2021-10-12,,,REGISTRO PROFESIONAL,
,,,9,2021-11-04,,,DPTO ADMINISTRATIVO,Sofi p/ultimo aviso
,,,10,2021-11-10,,,SECRETARIA,p/firmar ultimo aviso
,,,11,2021-11-12,,,TRAMITE CEDULA,ULTIMO AVISO
,,,12,2021-12-15,,,VENCIMIENTO DE TERMINO,
,,,13,2021-12-20,,,REGISTRO PROFESIONAL,P/INFORME - ULTIMO AVISO VENCIDO
,,,14,2022-02-01,,,COMIS.INTERP.Y SANCIONES,
,,,15,2022-02-14,,,DPTO ADMINISTRATIVO,tere
,,,16,2022-02-18,,,REUNN DE CONSEJO,DEL 21-02-22
C,53,2021,1,2021-08-06,0,,COMISION DE H.INTERPRETACION Y SANCIONES,
,,,2,,,,,"ASUNTO...ACTIVACION OBRAS PROYECTO COMPLEJO RECREATIVO, SOCIAL Y DEPORTIVO"
,,,3,,,,,"LAS COMPUERTAS COPIG *EXPTES. 93/P/13, 82/P/16 Y 83/P/16*"
,,,4,2021-08-06,,,DPTO ADMINISTRATIVO,P/AGREGAR COPIA ACTA 1931 DEL 06-07-21
,,,5,2021-08-06,,,CENTRO DE COMPUTOS,P/IMPRIMIR CARATULA
,,,6,2021-08-09,,,DPTO ADMINISTRATIVO,SE LE AGREGA NOTA 9-B-21 PRESUP.BOSCHI
,,,7,2021-08-10,,,REUNN DE CONSEJO,
,,,8,2021-08-17,,,DPTO ADMINISTRATIVO,TERE
,,,9,2021-10-28,,,DPTO ADMINISTRATIVO,tere
,,,10,2021-11-10,,,REUNN DE CONSEJO,SE AGREGA NUEVA DOCUM.RIEGO
,,,11,2021-12-03,,,SECRETARIA,se adjunta Dictamen Dr. Pose
,,,12,2021-12-07,,,PRESIDENCIA,PARA VER DICTAMEN
,,,13,2021-12-07,,,PRESIDENCIA,para darle vista a Dictamen Dr.Pose
,,,14,2021-12-09,,,TRAMITE CEDULA,PRESIDENCIA HACE GESTION
,,,15,2021-12-22,,,VENCIMIENTO DE TERMINO,EN CAJONERA
,,,16,2022-02-16,,,PRESIDENCIA,ESCRITORIO
,,,17,2022-02-23,,,PRESIDENCIA,ENTRO DE SECRETARIA. ARMARIO DE PRESID.
C,54,2021,1,2021-08-11,0,,CONSEJO PROFESIONAL DE INGENIEROS Y,
,,,2,,,,GEOLOGOS.-,Actua de oficio en averiguacion situacion Empresa PEFER CONSTRUCCIONES S.A.
,,,3,,,,,"CUIT 30-71048246-9, derivada de Inspeccion realizada en fecha 10/05/2021."
,,,4,,,,,Ref. Nota 4-B-2021.-
,,,5,2021-08-11,,,SECRETARIA,
,,,6,2021-08-12,,,TRAMITE CEDULA,
,,,7,2021-10-12,,,COMIS.INTERP.Y SANCIONES,
,,,8,2021-11-17,,,DPTO ADMINISTRATIVO,
,,,9,2021-11-25,,,ARCHIVO,EN CARACTER DE PENDIENTE
C,55,2021,1,2021-08-12,0,,CONSEJO PROFESIONAL DE INGENIEROS Y,
,,,2,,,,GEOLOGOS.-,Actua de oficio en averiguacion situacion Empresa D ATRES S.R.L.
,,,3,,,,,"CUIT 30-71230342-1, derivada de Inspeccion realizada en fecha 10/05/2021"
,,,4,,,,,Ref. Nota 4-B-2021
,,,5,2021-08-12,,,SECRETARIA,
,,,6,2022-01-25,,,TRAMITE CEDULA,
,,,7,2022-02-03,,,SECRETARIA,
,,,8,2022-02-07,,,TRAMITE CEDULA,
C,56,2021,1,2021-08-12,0,,CONSEJO PROFESIONAL DE INGENIEROS Y,
,,,2,,,,GEOLOGOS.-,Actua de oficio en averiguacion situacion Empresa TUR S.A.
,,,3,,,,,"CUIT 30-711738548, derivada de Inspeccion realizada en fecha 10/05/2021"
,,,4,,,,,Ref. Nota 4-B-2021.-
,,,5,2021-08-12,,,SECRETARIA,
,,,6,2022-01-25,,,TRAMITE CEDULA,
,,,7,2022-02-07,,,VENCIMIENTO DE TERMINO,
,,,8,2022-02-16,,,SECRETARIA,P/FIRMAR ULTIMO AVISO
,,,9,2022-02-25,,,TRAMITE CEDULA,MIGUEL PARA ENTREGAR ULTIMO AVISO
A,57,2021,1,2021-08-13,0,,AUDITORIA CONTABLE EXTERNA PERMANENTE,
,,,2,,,,,PRESENTA estado de situacion patrimonial al 31/03/2021
,,,3,2021-08-31,,,REUNN DE CONSEJO,
,,,4,2021-10-25,,,REUNN DE CONSEJO,
,,,5,2021-10-26,,,REUNN DE CONSEJO,
,,,6,2021-11-30,,,SECRETARIA,PARA FIRMAR RESOLUC
,,,7,2022-01-10,,,ARCHIVO,
C,58,2021,1,2021-08-30,0,,CONSEJO PROFESIONAL DE INGENIEROS Y,
,,,2,,,,GEOLOGOS./,Actua de oficio en averiguacion situacion Empresa MASTERAGUA S.A.S
,,,3,,,,,CUIT 30-71635858-1.
,,,4,2021-08-30,,,SECRETARIA,
,,,5,2022-01-25,,,TRAMITE CEDULA,
,,,6,2022-02-07,,,VENCIMIENTO DE TERMINO,
,,,7,2022-02-16,,,SECRETARIA,p/firmar ultimo aviso
,,,8,2022-02-25,,,TRAMITE CEDULA,OCA - ULTIMO AVISO
A,59,2021,1,2021-08-31,0,,AUDITORIA COTABLE EXTERNA PERMANENTE,
,,,2,,,,,Presenta estado de situacion patrimonial al 30/04/2021
,,,3,2021-08-31,,,COMIS.INTERP.Y SANCIONES,
,,,4,2021-09-08,,,REUNN DE CONSEJO,
,,,5,2021-10-25,,,REUNN DE CONSEJO,
,,,6,2021-10-26,,,REUNN DE CONSEJO,
,,,7,2021-11-30,,,SECRETARIA,PARA FIRMAR RESOLUC
,,,8,2022-01-10,,,ARCHIVO,
A,60,2021,1,2021-09-20,0,,AUDITORIA CONTABLE EXTERNA PERMANENTE,
,,,2,,,,,Presenta estado de situacin patrimonial al 31/05/2021
,,,3,2021-11-02,,,COMIS.INTERP.Y SANCIONES,
,,,4,2021-11-18,,,DPTO ADMINISTRATIVO,TERE PARA CONSEJO
,,,5,2021-11-18,,,REUNN DE CONSEJO,
F,61,2021,1,2021-04-30,0,,FADIE,
,,,2,,,,,CONVOCATORIA ASAMBLEA EXTRAORDINARIA - REUNION VIRTUAL 21-05-2021.-
,,,3,2021-09-22,,,DPTO ADMINISTRATIVO,Se agrega nota  13-F-21
,,,4,2021-09-22,,,ARCHIVO,
A,62,2021,1,2021-09-24,0,,AUDITORIA CONTABLE EXTERNA PERMANENTE,
,,,2,,,,,Presenta estado de situacion patrimonial al 30/06/2021
,,,3,,,,REGISTRO PROFESIONAL,
,,,4,2021-10-25,,,REUNN DE CONSEJO,
,,,5,2021-10-26,,,REUNN DE CONSEJO,
,,,6,2021-11-30,,,SECRETARIA,PARA FIRMAR RESOLUC
,,,7,2022-01-10,,,ARCHIVO,
P,63,2021,1,2021-09-29,0,,"PONCE, HUGO EDUARDO - ING.MCO.",
,,,2,,,,,DESCONOCE EMISION C.H.P. -NO EMITIDO POR EL COPIG- PRESENTADO EN REGISTRO
,,,3,,,,,DEL AUTOMOTOR. REALIZARA A LA BREVEDAD DENUNCIA POLICIAL.- CERTIF.OTORGADOS
,,,4,,,,,"P/SR.MALVEZZI, ENRIQUE D.,CONSTRUCTOR DE -NUEVA REINA- A LA PROPIETARIA DEL"
,,,5,,,,,VEHICULO.
,,,6,2021-08-12,,,COMIS.INTERP.Y SANCIONES,
,,,7,2021-09-29,,,DPTO ADMINISTRATIVO,SE FORMA EXP.CON NOTA 9-P-21
,,,8,2021-09-30,,,DPTO ADMINISTRATIVO,Marce p/envio notas Reg.Automotor
,,,9,2021-10-28,,,SECRETARIA,luego a CHIYS p/conocim.deActaComparend
,,,10,2021-11-02,,,COMIS.INTERP.Y SANCIONES,"esta en Caja CHIS, se escanea ult.movim"
,,,11,2021-11-25,,,COMIS.INTERP.Y SANCIONES,en BIBLIORATO EGEA...PARA VER COMO SIGU
A,64,2021,1,2021-10-12,0,,AUDITORIA CONTABLE EXTERNA PERMANENTE,
,,,2,,,,,Presenta estado de situacion patrimonial al 31/07/2021
,,,3,2021-10-25,,,REUNN DE CONSEJO,
,,,4,2021-10-26,,,REUNN DE CONSEJO,
,,,5,2021-11-30,,,SECRETARIA,PARA FIRMAR RESOL
,,,6,2022-01-10,,,ARCHIVO,
C,65,2021,1,2021-10-20,0,,CONSEJO PROFESIONAL DE INGENIEROS Y,
,,,2,,,,GEOLOGOS./,Actua de oficio en averiguacion situacion Empresa XEROFILA S.A.
,,,3,,,,,"CUIT N 30-71600165-9, derivada de Inspeccion realizada en fecha 03/08/2021"
,,,4,,,,,Ref Nota 10-B-2021
,,,5,2021-10-25,,,SECRETARIA,
,,,6,2021-11-01,,,TRAMITE CEDULA,
,,,7,2021-12-09,,,VENCIMIENTO DE TERMINO,
,,,8,2022-02-10,,,SECRETARIA,
,,,9,2022-02-15,,,TRAMITE CEDULA,MIGUEL
C,66,2021,1,2021-10-20,0,,CONSEJO PROFESIONAL DE INGENIEROS Y,
,,,2,,,,GEOLOGOS./,Actua de oficio en averiguacion situacion Empresa TOLEDO S.A.
,,,3,,,,,"CUIT N 30-70822868-7, derivada de Inspeccion realiada en fecha 03/08/2021"
,,,4,,,,,Ref Nota 10-B-2021
,,,5,2021-10-25,,,SECRETARIA,
,,,6,2021-11-01,,,TRAMITE CEDULA,MIGUEL PARA ENTREGAR
,,,7,2021-12-07,,,SECRETARIA,p/firmar nota
,,,8,2021-12-23,,,INSPECTOR,SOFIA P/BUSCAR OTRO DOMICILIO
,,,9,2021-12-27,,,DPTO ADMINISTRATIVO,TERE
,,,10,2021-12-28,,,DPTO ADMINISTRATIVO,SOFIA P/NOTIF.
,,,11,2021-12-29,,,SECRETARIA,
,,,12,2022-01-19,,,TRAMITE CEDULA,
,,,13,2022-02-07,,,VENCIMIENTO DE TERMINO,
,,,14,2022-02-09,,,SECRETARIA,
,,,15,2022-02-15,,,TRAMITE CEDULA,
,,,16,2022-02-21,,,VENCIMIENTO DE TERMINO,
,,,17,2022-02-22,,,COMIS.INTERP.Y SANCIONES,CON CONST.ACTUAL.DE AFIP
C,67,2021,1,2021-10-21,0,,CONSEJO PROFESIONAL DE INGENIEROS Y,
,,,2,,,,GEOLOGOS./,Actua de oficio en averiguacion situacion Empresa DOBLE UU S.A.
,,,3,,,,,"CUIT N 30-70918626-0, derivada de Inspeccion realizada en fecha 03/08/2021"
,,,4,,,,,Ref. Nota 10-B-2021.
,,,5,2021-10-26,,,SECRETARIA,
,,,6,2021-11-02,,,TRAMITE CEDULA,
,,,7,2021-12-01,,,ASESORIA LETRADA,dr. Pose y luego a CHIYS
,,,8,2021-12-03,,,COMIS.INTERP.Y SANCIONES,con dictamen Dr. Pose
,,,9,2022-01-03,,,ARCHIVO,en caracter de PENDIENTE
P,68,2021,1,2021-10-21,0,,PRESIDENCIA Y SECRETARIA DEL CONSEJO PRO,
,,,2,,,,FESIONAL DE INGENIEROS Y GEOLOGOS,APROBACION PRESUPUESTO ANUAL 2021-2022 Y NUEVOS VALORES.-
,,,3,2021-08-30,,,REUNN DE CONSEJO,APROBACION NUEVOS VALORES
,,,4,2021-10-21,,,DPTO ADMINISTRATIVO,Marce p/Resol.
,,,5,2021-10-25,,,SECRETARIA,
C,69,2021,1,2021-10-22,0,,CONSEJO PROFESIONAL DE INGENIEROS Y,
,,,2,,,,GEOLOGOS./,Actua de oficio en averiguacion situacion Empresa INAZAR S.R.L.
,,,3,,,,,"CUIT N 30-70969981-0, derivada de Inspeccion realizada en fecha 03/08/2021"
,,,4,,,,,Ref. Nota 10-B-2021
,,,5,2021-10-26,,,SECRETARIA,
,,,6,2021-11-02,,,TRAMITE CEDULA,
,,,7,2021-11-25,,,VENCIMIENTO DE TERMINO,
,,,8,2022-01-04,,,SECRETARIA,
,,,9,2022-01-18,,,TRAMITE CEDULA,
,,,10,2022-02-08,,,TRAMITE CEDULA,
,,,11,2022-02-16,,,VENCIMIENTO DE TERMINO,
C,70,2021,1,2021-10-22,0,,CONSEJO PROFESIONAL DE INGENIEROS Y,
,,,2,,,,GEOLOGOS./,Actua de oficio en averiguacion situacion Empresa CONSTRUCTORA SAN LEON SRL
,,,3,,,,,"CUIT N 30-70955721-8, derivada de Inspeccion realizada en fecha 03/08/2021"
,,,4,,,,,Ref Nota 10-B-2021.
,,,5,2021-10-26,,,SECRETARIA,
,,,6,2021-11-02,,,TRAMITE CEDULA,MIGUEL
,,,7,2021-12-23,,,VENCIMIENTO DE TERMINO,
,,,8,2021-12-23,,,REGISTRO PROFESIONAL,SE INSCRIBIO?
,,,9,2021-12-29,,,DPTO ADMINISTRATIVO,SOFI P/ULTIMO AVISO
,,,10,2021-12-29,,,SECRETARIA,ultimo aviso
,,,11,2022-01-19,,,TRAMITE CEDULA,
,,,12,2022-02-08,,,TRAMITE CEDULA,
A,71,2021,1,2021-10-26,0,,AUDITORIA CONTABLE EXTERNA PERMANENTE,
,,,2,,,,,Presenta estado de situacion patrimonial al 31/08/2021
,,,3,2021-11-24,,,DPTO ADMINISTRATIVO,tere
C,72,2021,1,2021-10-27,0,,CONSEJO PROFESIONAL DE INGENIEROS Y,
,,,2,,,,GEOLOGOS,"ACTUA DE OFICIO ANTE IRREGULARIDADES POR PARTE DE FUNCIONARIOS PUBLICOS,"
,,,3,,,,,CENSO ARBOLADO PUBLICO AREA METROPOLITANA DE MZA.*UNICIPIO* EMP.CONTRATRATA
,,,4,,,,,DA GEOSYSTEMS S.A. CUIT 30-64205652-9 NO INSCRIPTA EN REG.OF.DEL CONSEJO.
,,,5,2021-10-26,,,REUNN DE CONSEJO,
,,,6,2021-10-27,,,DPTO ADMINISTRATIVO,Tere
,,,7,2021-11-02,,,REGISTRO PROFESIONAL,
,,,8,2021-11-02,,,DPTO ADMINISTRATIVO,TERESITA
,,,9,2021-11-17,,,SECRETARIA,
C,73,2021,1,2021-11-03,0,,CONSEJO PROFESIONAL DE INGENIEROS Y,
,,,2,,,,GEOLOGOS.,Actua de oficio en averiguacion situacion Empresa CONSTRUVIAL S.R.L.
,,,3,,,,,CUIT 30-67216271-4.
,,,4,2021-11-03,,,SECRETARIA,
,,,5,2021-11-10,,,TRAMITE CEDULA,SE ENVIO POR BOLSA A SAN RAFAEL
,,,6,2021-11-25,,,VENCIMIENTO DE TERMINO,
,,,7,2021-12-20,,,SECRETARIA,ULTIMO AVISO
,,,8,2022-01-24,,,TRAMITE CEDULA,SE ENVIA POR BOLSA A SAN RAFAEL
P,74,2021,1,2021-11-03,0,,PRESIDENCIA Y SECRETARIA DEL CONSEJO,
,,,2,,,,PROFESIONAL DE INGENIEROS Y GEOLOGOS,ASUNTO...PROYECTO MODIFICACION LEY 7361 CAJA PREVISIONAL TECNICA.
,,,3,2021-11-04,,,SECRETARIA,
,,,4,2021-11-08,,,REUNN DE CONSEJO,
C,75,2021,1,2021-11-18,0,,COMISION DE RELACIONES INSTITUCIONALES,
,,,2,,,,,Presenta presupuesto regalo institucional a matriculados.-
,,,3,2021-11-18,,,SECRETARIA,luego CHYS
,,,4,2021-12-01,,,REUNN DE CONSEJO,
,,,5,2021-12-03,,,SECRETARIA,PARA VISTO DE NUEVA INFORMACION
,,,6,2021-12-06,,,ARCHIVO,pendiente...
C,76,2021,1,2021-11-25,0,,CONSEJO PROFESIONAL DE INGENIEROS Y,
,,,2,,,,GEOLOGOS,"ACTUA DE OFICIO EN AVERIG.SITUACION LIC.EN HIG.Y SEG. EN EL TRABAJO RAGUSA,"
,,,3,,,,,"EDUARDO MARTIN. MAT, 9907-A.-"
C,77,2021,1,2021-12-02,0,,CONSEJO PROFESIONAL DE INGENIEROS Y,
,,,2,,,,GEOLOGOS,ACTUA DE OFICIO ANTE INCUMPLIMIENTO INSCRIPCION EMPRESA *AGROHUARPES S.A.*
,,,3,,,,,"YA MULTADA, CUIT 30-71570279-3.-"
,,,4,2021-12-07,,,SECRETARIA,para firmar notificacion
,,,5,2021-12-09,,,TRAMITE CEDULA,MIGUEL NOTIFICA
,,,6,2022-02-09,,,VENCIMIENTO DE TERMINO,
C,78,2021,1,2021-12-02,0,,CONSEJO PROFESIONAL DE INGENIEROS Y,
,,,2,,,,GEOLOGOS,ACTUA DE OFICIO ANTE INCUMPLIMIENTO INSCRIPCION EMPRESA *COUGAR S.A.* YA
,,,3,,,,,"MULTADA, CUIT 30-71104383-3.-"
,,,4,2021-12-07,,,SECRETARIA,
,,,5,2021-12-09,,,TRAMITE CEDULA,MIGUEL NOTIFICA...
,,,6,2021-12-22,,,VENCIMIENTO DE TERMINO,
,,,7,2022-01-13,,,DPTO ADMINISTRATIVO,TERE para evaluar como seguir
,,,8,2022-02-02,,,REGISTRO PROFESIONAL,p/informe si se inscribio
,,,9,2022-02-08,,,DPTO ADMINISTRATIVO,Marce p/notificar
,,,10,2022-02-10,,,SECRETARIA,para firmar cedula notificatoria
A,79,2021,1,2021-12-03,0,,AGUERO MARIA IGNACIA - COMITENTE -,
,,,2,,,,   PATROCINADA POR DRA.AGUERO FURLOTTI,"ASUNTO...PRESENTA DENUNCIA CONTRA EL ING. MARCELO CARUSO, MAT.4319-A,  POR"
,,,3,,,,,CONDUCTA ANTIETICA E INCUMPLIMIENTO LABOR PROFESIONAL - EXPTE.MUN. GODOY
,,,4,,,,,CRUZ  3487-E-2018.-
,,,5,2021-12-03,,,REGISTRO PROFESIONAL,
,,,6,2021-12-10,,,DPTO ADMINISTRATIVO,Tere para notificar
,,,7,2021-12-21,,,CERTIF.HABIL.PROFESIONAL,
C,80,2021,1,2021-12-03,0,,CONSEJO PROFESIONAL DE INGENIEROS Y,
,,,2,,,,GEOLOGOS,"ACTUA DE OFICIO EN AVERIGUACION SITUACION DEL PROF. RUBIO, GASTON NAHUEL,"
,,,3,,,,,"DNI. 33.565.626, NO INSCRIPTO. *LISTADO DE GEOSYSTEMS*"
,,,4,2021-12-06,,,DPTO ADMINISTRATIVO,SOFIA
,,,5,2021-12-07,,,SECRETARIA,
,,,6,2022-01-24,,,TRAMITE CEDULA,
,,,7,2022-02-04,,,VENCIMIENTO DE TERMINO,
,,,8,2022-02-16,,,SECRETARIA,p/firmar ultimo aviso
,,,9,2022-02-25,,,TRAMITE CEDULA,OCA - ULTIMO AVISO
C,81,2021,1,2021-12-03,0,,CONSEJO PROFESIONAL DE INGENIEROS Y,
,,,2,,,,GEOLOGOS,"ACTUA DE OFICIO EN AVERIGUACION SITUACION ING.AGR. PIOVANO, MARIA VIOLETA,"
,,,3,,,,,"MAT. 3898-A, DADA DE BAJA. *LISTADO PROFESIONALES DE GEOSYSTEMS*"
,,,4,2021-12-06,,,DPTO ADMINISTRATIVO,SOFIA
,,,5,2021-12-13,,,SECRETARIA,
,,,6,2022-01-24,,,TRAMITE CEDULA,
,,,7,2022-02-04,,,VENCIMIENTO DE TERMINO,
,,,8,2022-02-17,,,SECRETARIA,p/firmar ultimo aviso
,,,9,2022-02-25,,,TRAMITE CEDULA,OCA / ULTIMO AVISO
C,82,2021,1,2021-12-03,0,,CONSEJO PROFESIONAL DE INGENIEROS Y,
,,,2,,,,GEOLOGOS,"ACTUA DE OFICIO EN AVERIGUACION SITUACION PROF.DE BARRIONUEVO, LAURA ALICIA"
,,,3,,,,,DNI. 32.130.324 - NO INSCRIPTA - LISTADO PROFESIONALES DE GEOSYSTEMS.
,,,4,2021-12-06,,,DPTO ADMINISTRATIVO,SOFIA
,,,5,2021-12-07,,,SECRETARIA,
,,,6,2022-01-24,,,TRAMITE CEDULA,
,,,7,2022-01-27,,,COMIS.INTERP.Y SANCIONES, INGRESO UN DESCARGO....
,,,8,2022-02-14,,,DPTO ADMINISTRATIVO,tere
,,,9,2022-02-21,,,DPTO ADMINISTRATIVO,mARCE P/NOTIF. *ESTA DE LICENCIA 5 DIAS
A,83,2021,1,2021-12-07,0,,AUDITORIA CONTABLE EXTERNA PERMANENTE,
,,,2,,,,,Presenta estado de situacion patrimonial al 30/09/2021.
,,,3,2021-12-27,,,SECRETARIA,
C,84,2021,1,2021-12-17,0,,CONSEJO PROFESIONAL DE INGENIEROS Y,
,,,2,,,,GEOLOGOS./,Actua de oficio en averiguacion situacion Empresa MENDEL SCHWART S.A.
,,,3,,,,,"CUIT N 30-70872341-6, derivada de Inspeccion realizada en fecha 03/08/2021"
,,,4,,,,,Ref. Nota 10-B-2021.
,,,5,2021-12-20,,,SECRETARIA,
,,,6,2022-01-24,,,TRAMITE CEDULA,
,,,7,2022-02-14,,,TRAMITE CEDULA,MIGUEL
C,85,2021,1,2021-12-20,0,,CONSEJO PROFESIONAL DE INGENIEROS Y,
,,,2,,,,GEOLOGOS./,Actua de oficio en averiguacion situacion Empresa LAS CAAS DESARROLLOS
,,,3,,,,,"SOCIEDAD ANONIMA , CUIT N 30-71533646-8, derivada de Inspeccion realizada"
,,,4,,,,,en fecha 03/08/2021. Ref Nota 10-B-2021
,,,5,2021-12-20,,,SECRETARIA,
,,,6,2022-01-25,,,TRAMITE CEDULA,
,,,7,2022-02-07,,,VENCIMIENTO DE TERMINO,
,,,8,2022-02-25,,,TRAMITE CEDULA,OCA - ULTIMO AVISO
,86,2021,1,2021-12-20,0,,CONSEJO PROFESIONAL DE INGENIEROS Y,
,,,2,,,,GEOLOGOS./,
C,87,2021,1,2021-12-20,0,,CONSEJO PROFESIONAL DE INGENIEROS Y,
,,,2,,,,GEOLOGOS./,Actua de oficio en averiguacion situacion Empresa LECTRON INGENIERIA S.R.L.
,,,3,,,,,"CUIT 30-71561867-9, derivada de Inspeccion realizada en fecha 03/08/2021"
,,,4,,,,,Ref. Nota 10-B-2021
,,,5,2021-12-20,,,SECRETARIA,
,,,6,2022-01-20,,,TRAMITE CEDULA,
,,,7,2022-02-07,,,VENCIMIENTO DE TERMINO,
,,,8,2022-02-14,,,DPTO ADMINISTRATIVO,tere
,,,9,2022-02-14,,,ASESORIA LETRADA,dr POSE
,,,10,2022-02-17,,,DPTO ADMINISTRATIVO,tere
A,88,2021,1,2021-12-21,0,,AUDITORIA CONTABLE EXTERNA PERMANENTE,
,,,2,,,,,PRESENTA BALANCE GENERAL Y EJERCICIO ANUAL *30/09/20 - 30/09/21* E INVENTA-
,,,3,,,,,RIO GENERAL.-
,,,4,2021-12-21,,,DPTO ADMINISTRATIVO,Marce
,,,5,2021-12-21,,,REUNN DE CONSEJO,
,,,6,2021-12-22,,,DPTO ADMINISTRATIVO,tere
,,,7,2021-12-27,,,SECRETARIA,p/ASAMBLEA
C,89,2021,1,2021-12-21,0,,CONSEJO PROFESIONAL DE INGENIEROS Y,
,,,2,,,,GEOLOGOS.-,Actua de oficio en averiguacion situacion Empresa RIVERA CONSTRUCCIONES S.A
,,,3,,,,,"CUIT 30-71566643-6, derivada de inspeccion realiada en fecha 03/08/2021."
,,,4,,,,,Ref. Nota 10-B-2021.-
,,,5,2021-12-22,,,SECRETARIA,
,,,6,2022-01-20,,,TRAMITE CEDULA,
,,,7,2022-02-04,,,SECRETARIA,
,,,8,2022-02-07,,,TRAMITE CEDULA,
,,,9,2022-02-21,,,VENCIMIENTO DE TERMINO,
R,90,2021,1,2021-12-23,0,,"ROSEMBERG,FELIPE LUIS.- DNI 6.907.697",
,,,2,,,,,"ASUNTO...COMUNICA IRREGULARIDADES COMETIDAS P/ING.CIVIL CARLOS RENNA, MAT."
,,,3,,,,,"4283-A EN OBRA DE SU PROPIEDAD, SITA EN MAIPU Y S/INTERVENCION DEL CONSEJO."
,,,4,2022-02-14,,,DPTO ADMINISTRATIVO,MARCE P/NOTIF.
,,,5,2022-02-16,,,TRAMITE CEDULA,
,,,6,2022-02-25,,,VENCIMIENTO DE TERMINO,
C,91,2021,1,2021-12-29,0,,CONSEJO PROFESIONAL DE INGENIEROS Y,
,,,2,,,,GEOLOGOS.-,Actua de oficio en averiguacion situacion Empresa BRESSA ASIS S.R.L.
,,,3,,,,,"CUIT 30-68415431-8, derivada de inspeccion realizada en fecha 19/11/2021"
,,,4,,,,,Ref Nota 14-B-2021.-
,,,5,2021-12-29,,,SECRETARIA,
,,,6,2022-01-19,,,TRAMITE CEDULA,
,,,7,2022-02-14,,,TRAMITE CEDULA,MIGUEL
S,92,2021,1,2021-12-30,0,,SECRETARIA DEL CONSEJO PROFESIONAL DE,
,,,2,,,,INGENIEROS Y GEOLOGOS,ASUNTO...CREACION LEY PROVINCIAL DE UNIFICACION DE CODIGO URBANO Y CONS-
,,,3,,,,,TRUCCION GENERAL.
,,,4,2021-12-30,,,DPTO ADMINISTRATIVO,SE LE AGREGA NOTA 33-M-21
,,,5,2021-12-30,,,PENDIENTE,EN BIBLIORATO ARCHIVO
,,,6,2022-01-04,,,SECRETARIA,RAUL
