CATNO,TITLE,PRICE,RATING,XQUALITY,CRITICS,ACQUIRED,SDIGITAL,XDIGITAL,CX,STEREO,SURROUND,LETTERBOX,BLK_WHT,CLOSECAP,CAV,SUBTITLED,DUBBED,SILENT,COMMENTARY,SUPPLEMENT,DURATION,SIDES,YEAR,DESCRIPT,STUDIO,KIDS,NCAT
CC1203L,Notorious,99.95,NR,10,7,1989-01-02,True,,,,,False,True,,True,,,,True,True,101,4,1946,Contains lots of supplementary information including a running commentary by Rudy Behlmer. A superb transfer and excellent supplements.,Criterion,,2
ML101741,Bond - Diamonds Are Forever,39.95,PG,8,7,1989-01-03,True,True,True,True,,True,,,,,,,,,125,3,1971,,MGM/UA,,1
ML101744,Fiddler On The Roof,39.95,G,8,6,1989-01-04,True,False,True,True,True,True,,,,,,,,,180,4,1971,,MGM/UA,,10
ML101705,How To Succeed in Business Without Really Trying,39.95,NR,8,7,1989-01-05,True,True,True,True,,True,,,,,,,,,122,3,1967,,MGM/UA,,10
ML101743,"Bond - Spy Who Loved Me, The",31.96,PG,10,7,1989-01-06,True,True,True,True,True,True,,True,,,,,,,129,3,1977,3rd side is in CAV format.,MGM/UA,,1
7020-80,Oklahoma!,69.98,NR,8,7,1989-01-07,True,,True,True,True,True,,,,,,,,,147,3,1955,,CBS/FOX,,10
LV31859-2L,Indiana Jones & The Last Crusade,29.95,PG-13,8,5,1989-01-08,True,True,True,True,True,True,,True,,,,,,,126,3,1989,"For a digital transfer this film is just OK, not terrific.",Paramount,,1
CC1192L,West Side Story,59.95,NR,9,8,1989-01-09,True,,True,True,True,True,,,,,,,,,155,3,1961,,Criterion,,10
ML101685,"Apartment, The",39.95,NR,9,8,1989-01-10,True,True,True,,,True,True,,,,,,,,128,4,1960,,MGM/UA,,6
ML101565,Bond - You Only Live Twice,34.95,PG,9,5,1989-01-11,True,True,True,True,,True,,,,,,,,,116,2,1967,,MGM/UA,,1
ML101640,Bond - Octopussy,39.95,PG,10,7,1989-01-12,True,True,True,True,True,True,,,,,,,,,131,3,1983,Side 3 is CAV format.  Includes the original theatrical trailer.,MGM/UA,,1
30726,"Ambushers, The",34.95,NR,5,0,1989-01-13,False,,,,,False,,,,,,,,,102,2,1967,,RCA/Columbia,,1
VLD30537,"Burns And Allen, Vol 1",19.95,NR,8,0,1989-01-14,,,,,,False,True,True,,,,,,,100,2,1952,,RCA/Columbia,,4
UEI 1119,"Christmas Carol, A",29.95,NR,7,8,1989-01-15,,,True,,,False,True,,,,,,,,86,2,1951,,United,True,6
CC101,Citizen Kane,89.95,NR,9,8,1989-01-16,True,,True,,,False,,,True,,,,,True,119,5,1941,Contains a broad assortment of supplementary materials.,Criterion,,6
767,"Deceivers, The",24.98,PG-13,6,0,1989-01-17,True,True,True,True,True,False,,True,,,,,,,103,2,1988,,Warner,,1
CC1182L,Ghostbusters,49.94,PG,9,6,1989-01-18,True,True,True,True,True,True,,,True,,,,,True,98,4,1984,,Criterion,True,4
50136,Lawrence Of Arabia,49.95,PG,8,8,1989-01-19,True,,True,True,True,True,,True,,,,,,,216,4,1962,,RCA/Columbia,,6
PA-84-067,HMS Pinafore,19.96,NR,6,0,1989-01-20,,,True,True,,False,,,,,,,,,90,2,1982,,Pioneer,True,9
PS-85-004,Windham Hill: Winter,29.95,NR,7,0,1989-01-21,True,,True,True,,False,,,,,,,,,52,2,1985,,Pioneer,,9
1095-80,All That Jazz (D),34.98,R,6,5,1989-01-22,True,,True,True,,False,,True,,,,,,,123,4,1979,,CBS/FOX,,10
LV1791,Amadeus,44.95,PG,6,5,1989-01-23,True,,True,True,,False,,,,,,,,,158,3,1984,,Zaentz,True,6
11321,Around The World In 80 Days,39.98,G,9,6,1989-01-24,True,True,True,True,,False,,True,,,,,,,179,4,1956,,Warner,True,6
7026-80,Being There,39.98,PG,8,5,1989-01-25,True,True,True,True,,False,,True,,,,,,,130,3,1979,,Warner,,4
ML101525,Ben Hur,49.95,G,6,8,1989-01-26,True,True,True,True,True,True,,True,,,,,,,211,4,1959,,MGM/UA,,6
CC1120L,Blade Runner,49.95,R,10,3,1989-01-27,True,True,True,True,True,True,,,True,,,,,,118,4,1982,,Criterion,,11
40171,Brazil,39.98,R,7,6,1989-01-28,True,,True,True,True,False,,True,,,,,,,131,3,1986,,MCA,,4
LV6505,Breakfast At Tiffanys,34.95,NR,5,7,1989-01-29,True,True,True,,,False,,,,,,,,,114,2,1961,,Paramount,,6
ML100040A,Brigadoon,27.96,G,8,6,1989-01-30,True,True,True,True,,True,,,,,,,,,109,2,1954,,MGM/UA,,10
ML101264,Casablanca,34.95,NR,9,8,1989-01-31,True,,True,,,False,True,True,True,,,,True,True,103,4,1943,,Criterion,,6
1714-80,Charlie Chan: Wax Museum/In Rio,49.98,NR,9,6,1989-02-01,True,,True,True,,False,True,,,,,,False,,126,3,1940,,CBS/FOX,,2
CC1153L,Forbidden Planet,99.95,NR,8,7,1989-02-02,True,True,True,True,False,True,,,True,,,,,True,99,4,1956,,Criterion,,11
23002,Frankenstein,34.98,NR,8,7,1989-02-03,,,True,,,False,True,,False,,,,,,71,2,1931,"Side 1 CLV, Side 2 CAV",Image,,8
CC1168L,"Graduate, The",49.95,PG,8,8,1989-02-04,True,True,True,True,,True,,,,,,,True,True,105,2,1967,Contains a wonderful commentary on analog track #2.  Very good print.,Criterion,,6
LV1643-2,Indiana Jones And The Temple Of Doom,49.95,PG,4,4,1989-02-05,True,,True,True,,False,,True,True,,,,,,118,4,1984,Exceedingly disappointing video quality.  Wait for a digital letterbox version and replace it.,Paramount,,1
ML100307,Kiss Me Kate,39.95,NR,7,6,1989-02-06,True,,True,True,,False,,,,,,,,,110,3,1953,,MGM/UA,,10
77506,"Last Emperor, The",69.98,PG,5,7,1989-02-07,True,True,True,True,True,False,,True,True,,,,,,164,6,1987,NOT a letterbox version  and a very disappointing video transfer.,Nelson,,6
11473LV,"Music Man, The",29.98,G,6,7,1989-02-08,,,True,True,,False,,,,,,,,,151,3,1961,,Warner,,10
CC1145L,North By Northwest  (CAV),124.95,NR,10,8,1989-02-09,False,,,True,,True,,,True,,,,,True,136,6,1959,"This disk has a wonderful supplement containing Hitchcock's original storyboards, camera angles, and other commentary on the film.  Also an excellent, brief biography of Bernard Herrmann is included.",Criterion,,2
1005-85,Patton,69.98,PG,8,8,1989-02-10,True,True,True,True,True,True,,,,,,,,,176,3,1970,,CBS/FOX,,6
LV6204,Roman Holiday,34.95,NR,7,7,1989-02-11,True,,True,,,False,,,,,,,,,118,2,1953,,Paramount,,6
CC1167L,Seven Samurai,124.95,NR,10,8,1989-02-12,True,,,,,False,True,,True,True,,,True,True,203,8,1954,Contains a very informative narrative on audio track #2,Criterion,,7
CC1110L,Seventh Seal,79.97,NR,9,8,1989-02-13,,,True,,,False,True,,True,True,,,True,True,96,4,1957,,Criterion,,7
1051-85,Sound Of Music,79.98,G,7,7,1989-02-14,,,True,True,,True,,,,,,,,,177,3,1965,,CBS/FOX,True,10
1130-85,Star Wars,69.98,PG,10,8,1989-02-15,True,True,True,True,True,True,,,,,,,,,121,3,1977,,CBS/FOX,,11
CC1103L,"39 Steps, The",39.95,NR,7,8,1989-02-16,True,True,True,,,False,True,,,,,,,,87,2,1935,,Criterion,,2
CC1160L,"2001, A Space Odyssey",124.95,NR,9,8,1989-02-17,True,True,True,True,True,True,,,True,,,,,True,149,4,1968,"This release contains lots of ""making-of"" information.  In addition, it is a wonderful transfer.",Criterion,,11
11056A/B,Who's Afraid Of Virginia Wolfe,39.98,NR,8,7,1989-02-18,True,True,True,,,False,True,,,,,,,,129,3,1966,,Warner,,6
61435,Yojimbo,34.95,NR,10,8,1989-02-19,True,True,True,True,,True,True,,,True,,,,,110,2,1961,,Criterion,,7
072-500-1,Die Fledermaus,49.95,NR,8,0,1989-02-20,True,,True,True,,False,,,,True,,,,,146,3,1987,With English subtitles.,UNITEL,True,9
23001,Dracula,34.98,NR,8,7,1989-02-21,,,True,,,False,True,,False,,,,,,75,2,1931,"Side 1 is CLV format, side 2 is CAV format",MCA,,8
ML101709,Gigi,34.95,G,10,8,1989-02-22,True,True,True,True,,True,,,,,,,,,117,2,1958,,MGM/UA,True,10
1023-80,How To Marry A Millionaire,34.98,NR,6,6,1989-02-23,,,True,True,,False,,,,,,,,,96,2,1953,,CBS/FOX,,4
1342,"Name Of The Rose, The",31.96,R,7,4,1989-02-24,,,True,True,True,False,,True,,,,,,,128,3,1986,,Embassy,,2
1079-80,"Omen, The",34.98,R,6,5,1989-02-25,True,,True,True,,False,,,,,,,,,111,2,1976,,CBS/FOX,,8
111,Our Town,29.95,NR,9,0,1989-02-26,,,,,,False,,,,,,,,,117,2,1975,,MasterVision,,6
ML101639,Poltergeist,34.95,PG,9,7,1989-02-27,True,,True,True,True,True,,,,,,,,,115,2,1982,,MGM/UA,,8
11008,"Seven Percent Solution, The",34.98,PG,7,6,1989-02-28,True,,True,,,False,,,,,,,,,114,2,1976,,MCA,,2
ML101564,Bond - Thunderball,39.95,PG,8,5,1989-03-01,True,True,True,,,True,,,,,,,,,133,3,1965,,MGM/UA,,1
LV1692,Top Gun,29.95,PG,10,5,1989-03-02,True,True,True,True,True,False,,True,False,,,,,,109,2,1986,,Paramount,,1
LV1567,Top Secret,23.96,PG,8,5,1989-03-03,,,True,True,,False,,True,,,,,,,90,2,1984,,Paramount,,4
ML101526,Doctor Zhivago,49.95,PG,10,6,1989-03-04,True,True,True,True,True,True,,True,,,,,,,200,4,1965,,MGM/UA,,6
16002,Animal House,27.96,R,8,4,1989-03-05,True,,True,,,False,,,,,,,,,109,2,1978,,MCA,,4
ML100104,North By Northwest,29.95,NR,5,8,1989-03-06,,,,True,,,,,,,,,,,136,3,1959,This one isn't even close to the CAV Criterion version.  Sorry I wasted good money on it!,MGM/UA,,2
11399LV,"NeverEnding Story, The",24.98,PG,5,6,1989-03-07,,,True,True,,,,,,,,,,,94,2,1984,Indifferent dub.,Warner,True,3
SD1,Voyager Gallery,195.0,NR,10,0,1989-03-08,True,,True,True,,,,,True,,,,,,120,2,1988,"A video database of images from the Voyager spacecraft.  Quite wonderful, excellent video quality.",Optical Data Corpora,,5
ML101725,Bond - For Your Eyes Only,34.95,PG,10,6,1989-03-09,True,,True,True,True,True,,,,,,,,,127,3,1981,,MGM/UA,,1
940AS,Who Framed Roger Rabbit,29.99,PG,6,7,1989-03-10,True,,True,True,True,,,True,,,,,,,104,2,1988,,Touchstone,True,3
40081,Rear Window,34.98,PG,6,8,1989-03-11,,,,,,,,,,,,,,,113,2,1954,,MCA,,2
4518-80,Annie Hall,34.95,PG,5,8,1989-03-12,,,,,,,,,,,,,,,93,2,1977,,MVC,,6
40082,Vertigo,39.98,NR,6,8,1989-03-13,,,,,,,,,,,,,,,128,3,1958,,MCA,,2
ML100284,Gone With The Wind,49.95,NR,5,8,1989-03-14,,,True,True,,,,,,,,,,,231,4,1939,,MGM/UA,,6
ML100167,Show Boat,34.95,NR,6,5,1989-03-15,,,True,,,,,,,,,,,,108,2,1951,,MGM/UA,,10
12000,Batman,39.98,PG-13,9,5,1989-03-16,True,,True,True,True,True,,True,,,,,,,126,3,1989,Very good letterboxed dub.,Warner,,1
261AS,Bond - From Russia With Love,34.95,PG,6,7,1989-03-17,,,True,,,,,,,,,,,,119,2,1963,,MGM/UA,,1
410 CS,Cinderella,39.95,G,4,7,1989-03-18,True,,True,True,,,,True,True,,,,,,76,3,1944,,Disney,True,3
ML101656,"Wizard Of Oz, The",24.95,G,6,8,1989-03-19,True,,True,,,,,True,,,,,,,119,2,1939,,MGM/UA,True,3
LV60040-90,Star Trek (#22 & #24),29.95,NR,9,0,1989-03-20,,,,,,,,,,,,,,,102,2,1967,"Contains episodes:	Return of the Archons	Space Seed",Paramount,,11
ML101494,Bugs & Daffy: Wartime Cartoons,34.95,NR,9,0,1989-03-21,,,True,,,,,,,,,,,,89,2,1940,,MGM/UA,True,3
13009,E.T. The Extra-Terrestrial,39.98,PG,5,8,1989-03-22,,,True,True,True,True,,True,,,,,,,115,2,1982,,MCA,True,11
40965,Back To The Future Part II,39.95,PG,10,4,1989-03-23,True,True,True,True,True,True,,True,,,,,,,108,2,1989,,MCA/Universal,True,11
942 CS,Bambi,39.95,G,4,8,1989-03-24,True,,True,True,False,,,,True,,,,,,69,3,1944,,Disney,True,3
LV83049,Making Of Raiders of the Lost Ark,25.46,NR,4,0,1989-03-25,,,,,,,,,,,,,,,115,2,1981,,Paramount,,5
ID6354RC,You'll Never Get Rich,33.96,NR,7,6,1989-03-26,True,,True,,,,True,,,,,,,,88,2,1941,,Columbia,,10
CC1148L,Blowup,77.46,NR,10,7,1989-03-27,True,True,True,True,,True,,,True,,,,,True,111,4,1966,Contains the original theatrical trailer plus supplementary materials.,MGM/UA,,6
1021-80,"Longest Day, the",59.46,G,5,8,1989-03-28,True,,True,True,True,True,True,,,,,,,,178,3,1962,,CBS/FOX,,6
2003L,Help!,67.96,NR,8,7,1989-03-29,True,True,True,True,,,,,True,,,,,True,92,4,1965,,Criterion,,10
CC1113L,"Hard Day's Night, A",67.96,NR,10,8,1989-03-30,True,True,True,True,,,True,,True,,,,,True,90,4,1964,,Criterion,,10
ID6370FR,"Martian Chronicles, The",84.96,NR,6,0,1989-03-31,True,,True,,,,,,,,,,,,289,6,1979,,Image,,11
CC1149L,Rashomon,42.96,NR,7,8,1989-04-01,True,True,,,,,True,,,True,,,,,87,2,1950,,Criterion,,7
CC1133L,Pygmalion,33.96,NR,7,8,1989-04-02,True,True,,,,,True,,,,,,,,90,2,1938,,Criterion,,4
CC1177L,8 1/2,50.96,NR,9,8,1989-04-03,True,True,True,True,,True,True,,,True,,,,,138,3,1962,,Criterion,,7
CC1131L,"Night At The Opera, A",64.96,NR,10,8,1989-04-04,True,True,,,,,True,,True,,,,,,92,4,1935,,Criterion,,4
CC1170L,Tunes Of Glory,33.96,NR,8,8,1989-04-05,True,True,True,,,,,,,,,,,,106,2,1960,,Criterion,,6
ML100591,"2010, The Year We Make Contact",39.95,PG,5,6,1989-04-06,True,,True,True,True,True,,True,,,,,,,116,2,1984,,MGM/UA,,11
1561-85,"Abyss, The",39.95,PG-13,9,6,1989-04-07,True,,True,True,True,True,,True,,,,,,True,140,3,1989,,CBS/FOX,,11
40967,Always,39.95,PG,10,6,1989-04-08,True,True,True,True,True,True,,True,,,,,,,123,3,1989,,MCA/Universal,,6
16001,American Graffiti,39.95,NR,6,7,1989-04-09,,,True,True,True,,,,,,,,,,112,2,1973,,MCA,,6
CC1126L,"Asphalt Jungle, The",39.95,NR,9,7,1989-04-10,True,True,,,,,True,,,,,,,,112,2,1950,,Criterion,,6
30127,Annie,39.95,PG,9,5,1989-04-11,True,,True,True,,True,,,,,,,,,128,3,1981,,RCA/Columbia,True,10
4555-80,Bananas,29.95,PG,5,8,1989-04-12,,,,True,,,,,,,,,,False,82,2,1971,,CBS/FOX,,4
ID6199MP,Becket,39.95,NR,7,8,1989-04-13,True,,True,True,,True,,,,,,,,,148,3,1964,,MPI,,6
11007,"Birds,The",29.95,PG-13,6,7,1989-04-14,,,True,True,,,,,,,,,,,119,3,1963,There are 6 theatrical trailers for various Hitchcock films on side 3 of this film.,MCA,,2
23003,"Bride Of Frankenstein, The",29.95,NR,9,8,1989-04-15,,,True,,,,True,,,,,,,,75,2,1935,,MCA,,8
ID7115NE,Cyrano De Bergerac,29.95,NR,7,8,1989-04-16,True,,True,,,,True,,,,,,,,112,2,1950,,Image,True,6
11872A/B,Dangerous Liaisons,39.95,R,10,7,1989-04-17,True,True,True,True,True,True,,True,,,,,,,120,3,1988,,Warner,,6
LA098L1404,Dragonslayer,75.0,PG,5,6,1989-04-18,True,,True,True,True,True,,,,True,,,,,110,2,1981,,Disney,True,1
40161,Dune,39.95,PG-13,10,3,1989-04-19,True,,True,True,True,,,,,,,,,,137,3,1984,,MCA,,11
11753A/B,Empire Of The Sun,39.95,PG,9,4,1989-04-20,True,True,True,True,True,True,,True,,,,,,,153,4,1987,,Warner,,6
CC1196L,Five Easy Pieces,39.95,NR,10,8,1989-04-21,True,False,True,,,True,,,,,,,,,98,2,1970,,Criterion,,6
LV12569-2,Hamlet,39.95,NR,7,8,1989-04-22,,,,,,,True,,,,,,,,155,3,1948,,Paramount,,6
CC1107L,High Noon,89.95,NR,10,8,1989-04-23,True,True,,,,,True,,True,,,,True,True,83,3,1952,The sound track is crackly and rather disappointing.,Criterion,,12
11754A/B,Innerspace,39.95,PG,9,5,1989-04-24,True,True,True,True,True,True,,True,,,,,,,120,3,1987,,Warner,,11
CC1108L,Invasion Of The Body Snatchers,69.95,NR,10,7,1989-04-25,True,True,,,,True,True,,True,,,,True,True,80,3,1956,,Criterion,,8
CC1112L,It's A Wonderful Life,89.95,NR,10,8,1989-04-26,,,True,,,,True,,True,,,,True,True,130,5,1946,Lots of supplementary material plus a running commentary by Jeanine Basinger.,Criterion,,6
CC102,King Kong,89.95,NR,8,8,1989-04-27,,,,,,,True,,True,,,,True,True,101,4,1933,A very good print.  Includes lots of supplementary material plus a running commentary by Ronald Haver  very informative.,Criterion,,1
CC1108L,"Lady Vanishes, The",39.95,NR,8,8,1989-04-28,,,,,,,True,,,,,,,,97,2,1938,,Criterion,,2
40924,"Land Before Time, The",39.95,G,8,5,1989-04-29,True,,True,True,True,,,True,True,,,,,,69,3,1988,,MCA,True,3
CC1197L,Lawrence Of Arabia,89.0,PG,9,8,1989-04-30,True,True,True,True,True,True,,True,False,,,,,True,217,4,1962,,Criterion,,6
CC1109L,"Magnificent Ambersons, The",89.95,NR,10,8,1989-05-01,,,,False,,,True,,True,,,,True,True,131,4,1942,,Criterion,,6
VLD3332,"Man For All Seasons, A",39.95,G,8,8,1989-05-02,True,,,True,,,,,,,,,,,120,2,1966,,RCA/Columbia,,6
ML101369,"Manchurian Candidate, The",49.95,PG-13,8,7,1989-05-03,,,True,,,,True,True,,,,,,,127,3,1962,,MGM/UA,,2
ML101710,Bond - Moonraker,39.95,PG,8,4,1989-05-04,True,True,True,True,True,True,,,,,,,,,126,3,1979,,MGM/UA,,1
LV8790-2,Murder On The Orient Express,49.95,G,7,6,1989-05-05,,,,,,,,,,,,,,,128,3,1974,,Paramount,,2
ML101321,"New York, New York",49.95,PG,7,3,1989-05-06,True,True,True,True,,True,,True,,,,,,,164,3,1977,,MGM/UA,,6
C1128L,Night Of The Hunter,39.95,NR,10,7,1989-05-07,,,,,,,True,,,,,,,,92,2,1955,,Criterion,,2
20002LV,Outland,39.95,R,7,5,1989-05-08,,,True,True,,,,,,,,,,,109,2,1981,,Warner,,11
ID6202MP,Prisoner# 2 - Chimes Of Big Ben,29.95,NR,8,0,1989-05-09,True,,True,,,,,,,,,,,,51,1,1967,,Image,,6
ID6211MP,Prisoner#11 - Checkmate,29.95,NR,8,0,1989-05-10,True,,True,,,,,,,,,,,,50,1,1967,,Image,,6
ID6214MP,Prisoner#14 - Hammer Into Anvil,29.95,NR,8,0,1989-05-11,True,,True,,,,,,,,,,,,50,1,1967,,Image,,6
CC1166L,"Robin Hood, The Adventures Of",89.95,NR,9,8,1989-05-12,True,True,,False,,,,,True,,,,True,True,102,4,1938,,Criterion,True,1
CC1135L,Satyricon (Fellini),98.0,NR,10,6,1989-05-13,,True,,,,True,False,,True,True,,,,,129,6,1969,,Criterion,,7
2178-80,Sherlock Holmes: Adventures & Voice of Terror,39.95,NR,8,6,1989-05-14,True,,True,,,,True,True,,,,,,,147,3,1939,,CBS/FOX,,2
CC1217L,"Sex, Lies, And Videotape",39.95,R,10,6,1989-05-15,True,True,True,True,True,True,,,,,,,,,101,2,1989,,Criterion,,6
CC1210L,Singin' In The Rain,39.95,NR,8,8,1989-05-16,,,True,,,,,,,,,,,,103,2,1952,,Criterion,,10
11001,"Sting, The",39.95,PG,8,7,1989-05-17,True,,True,True,,,,,,,,,,,129,3,1973,,MCA,,6
CC1106L,Swing Time,69.95,NR,9,8,1989-05-18,,,,,,,True,,True,,,,,,103,4,1936,Superb of one of Astair's best.  Very good audio commentary plus other materials.,Criterion,True,10
CC1105L,"Third Man, The",39.95,NR,8,8,1989-05-19,,,True,,,,True,,,,,,,,104,2,1949,,Criterion,,2
PA-86-158,"Tosca, Metropolitan/Zeffirelli Production",49.95,NR,6,0,1989-05-20,True,,True,True,,,,,,True,,False,,,127,3,1985,,Pioneer,,9
ML101726,"Bond - View To A Kill, A",39.95,PG,10,4,1989-05-21,True,True,True,True,True,True,,,,,,,,,131,3,1985,Side 3 is CAV format.,MGM/UA,,1
ML101737,"Victor, Victoria",39.95,PG,9,7,1989-05-22,True,True,True,True,True,True,,,,,,,,,134,3,1982,,MGM/UA,,4
LV5303,War Of The Worlds,39.95,NR,6,7,1989-05-23,,,,,,,,,,,,,,,85,2,1953,,Paramount,,11
ML100097,Westworld,39.95,PG,8,6,1989-05-24,True,,True,True,,True,,,,,,,,,89,2,1973,,MGM/UA,,11
1103-80,Young Frankenstein,39.95,PG,10,7,1989-05-25,,,,False,,,True,,,,,,,,106,2,1974,,CBS/FOX,,4
40109,"Road To Utopia (Hope, Crosby, Lamour)",34.98,NR,9,6,1989-05-26,,,True,,,,True,,,,,,,,90,2,1945,,MCA,True,4
16031,Monty Python's The Meaning Of Life,34.95,R,9,6,1989-05-27,,,True,True,True,,,,,,,,,,107,2,1983,,MCA,,4
ID6656VE,Earth Girls Are Easy,39.95,PG,9,5,1989-05-28,True,,True,True,True,,,,,,,,,,100,2,1988,,Image,,10
11741A/B,"Witches Of Eastwick, The",29.98,R,9,6,1989-05-29,True,True,True,True,True,,,True,,,,,,,118,3,1987,,Warner,,8
1001LV,Blazing Saddles,24.98,R,9,7,1989-05-30,,,,,,,,,,,,,,,90,2,1974,,Warner,,4
ID7353IV,"Fabulous Baker Boys, The",39.95,R,8,5,1989-05-31,True,,True,True,True,,,True,,,,,,,114,2,1989,,Image,,6
LV1869,Beverly Hills Cop II,29.95,R,9,4,1989-06-01,True,,True,True,,,,True,,,,,,,103,2,1987,,Paramount,,1
70246,Steel Magnolias,24.98,PG,9,6,1989-06-02,True,,True,True,True,,,True,,,,,,,118,2,1989,,RCA/Columbia,,6
1131-80,Our Man Flint,47.98,NR,9,5,1989-06-03,True,,True,,,True,,,,,,,,,108,2,1965,,CBS/FOX,,4
LV32252-2,Fat Man And Little Boy,39.98,PG-13,9,6,1989-06-04,True,,True,True,True,,,True,,,,,,,127,3,1989,,Paramount,,6
LV1736,Witness,29.98,R,7,6,1989-06-05,,,True,True,,,,True,,,,,,,112,2,1985,,Paramount,,2
ID6262RE,La Dolce Vita (Fellini),62.96,NR,9,7,1989-06-06,True,True,True,,,True,True,,,True,,,,,174,3,1961,,Image,,6
11003,Psycho,34.99,NR,10,8,1989-06-07,,,True,,,,True,,,,,,,,108,2,1960,,MCA,,2
LV6812,"Barbarella, Queen Of The Galaxy",29.99,PG,8,5,1989-06-08,,,,,,,,,,,,,,,98,2,1968,,Paramount,,11
50156,Adventures Of Baron Munchausen,39.99,PG,9,6,1989-06-09,True,,True,True,True,,,True,,,,,,,126,3,1988,,RCA/Columbia,,4
LV1256,Escape From Alcatraz,29.99,PG,4,6,1989-06-10,,,,,,,,,,,,,,,112,2,1979,,Paramount,,1
30072,Nicholas And Alexandra,39.99,PG,7,5,1989-06-11,,,,,,,,,,,,,,,183,3,1971,,RCA/Columbia,,6
11639A/B,"Mission, The",29.99,PG,8,5,1989-06-12,True,True,True,True,False,,,True,,,,,,,125,3,1986,,Warner,,6
77326,When Harry Met Sally,24.99,R,10,7,1989-06-13,True,True,True,True,True,,,True,,,,,,,96,2,1989,,Nelson,,6
70772,"Serpent And The Rainbow, The",34.99,R,8,4,1989-06-14,True,,True,True,True,,,,,,,,,,98,2,1987,,MCA,,8
CC1172L,Black Orpheus,49.99,NR,10,7,1989-06-15,,,True,,,,,,,True,,,,,103,2,1959,,Criterion,,7
CC1176L,"River, The",49.99,NR,8,8,1989-06-16,True,,,,,,,,,,,,,,99,2,1951,,Criterion,,7
40483,Silent Running,34.99,G,7,6,1989-06-17,True,,True,,,,,,,,,,,,90,2,1971,,MCA,,11
ID6951OR,Women On The Verge Of A Nervous Breakdown,35.98,R,8,7,1989-06-18,True,,True,,,True,,,,True,,,,,88,2,1988,,Image,,7
8004-80,They Shoot Horses Don't They?,26.98,PG,7,7,1989-06-19,,,,,,,,,,,,,,,120,2,1969,,MCA,,6
6680-80,"400 Blows, The",29.95,NR,8,8,1989-06-20,,,,,,,,,,,,,,,97,2,1958,,CBS/FOX,,7
20815,This Is Spinal Tap,34.99,R,8,6,1989-06-21,True,,True,True,,,,,,,,,,,82,2,1984,,Embassy,,4
LV 5106,When Worlds Collide,29.99,NR,8,5,1989-06-22,,,,,,,,,,,,,,,81,2,1951,,Paramount,,11
13008,Conan The Barbarian,44.99,R,10,5,1989-06-23,,,,True,,,,,,,,,,,128,3,1981,,MCA,,1
VLD 3134,Dr. Strangelove Or: How I Learned To Stop Worrying And Love The Bomb,34.99,PG,8,8,1989-06-24,,,,,,,True,,,,,,,,93,2,1963,,RCA/Columbia,,4
CC1159L,"Wizard Of Oz, The",99.99,NR,10,8,1989-06-25,True,True,,,,,,,True,,,,True,True,102,4,1939,This version is provided with an excellent running commentary and many supplementary materials.,Criterion,True,3
LV 8789,Marathon Man,35.99,R,8,5,1989-06-26,,,,,,,,,,,,,,,125,3,1976,,Paramount,,2
LV 6826,"Goodbye, Columbus",29.99,R,9,6,1989-06-27,,,,,,,,,,,,,,,105,2,1969,Maybe 9.5,Paramount,,6
7039-80,Guys And Dolls,44.99,NR,9,6,1989-06-28,True,,,,,True,,,,,,,,,150,3,1955,"Maybe a little better than 9.  Also, (surprise, surprise) it's letterboxed.",CBS/FOX,,10
CC198L,Rebecca (Alfred Hitchcock's),99.96,NR,9,8,1989-06-29,,,,,,,True,,True,,,,True,True,130,6,1940,Very detailed commentary and supporting materials.,Criterion,,2
ID6201MP,Prisoner# 1 - Arrival,17.95,NR,8,0,1989-06-30,True,,True,,,,,,,,,,,,51,1,1967,,Image,,6
11931,Driving Miss Daisy,22.48,PG,8,6,1989-07-01,True,True,True,True,True,True,,True,,,,,,,99,2,1989,,Warner,,6
40957,Tremors,31.48,PG-13,10,6,1989-07-02,True,True,True,True,True,,,True,,,,,,,95,2,1989,,MCA/Universal,,8
ID5075,"Heartbreak Kid, The",29.95,PG,7,6,1989-07-03,,,True,,,,,,,,,,,,106,2,1972,,Image,,6
ID7361OR,Crimes And Misdemeanors,35.96,PG-13,10,7,1989-07-04,True,True,True,True,,,,True,,,,,,,104,2,1989,,Image,,6
ID7362IV,Music Box,44.98,PG-13,9,6,1989-07-05,True,False,,True,True,True,,,,,,,,,126,3,1989,,Image,,6
LV32044,"Star Trek V, The Final Frontier",24.99,PG,9,4,1989-07-06,True,,True,True,,,,True,,,,,,,107,2,1989,,Paramount,,11
ML100152,"Time Machine, The",34.99,NR,6,6,1989-07-07,,,,,,,,False,,,,,,,103,2,1960,,MGM/UA,,11
10009,To Kill A Mockingbird,39.99,NR,9,7,1989-07-08,,,True,,,,True,False,,,,,,,131,3,1962,"Unfortunately, this disk is afflicted with an immistakable case of ""laser rot"".",MCA,True,6
122AS,Tron,34.99,NR,5,4,1989-07-09,,,True,True,,,,,,,,,,,95,2,1982,,Disney,True,3
PA-87-201,Turandot,54.99,NR,6,0,1989-07-10,True,False,True,True,,,,,,True,,,,,115,3,1983,,Pioneer,,9
15003,MacArthur,39.99,PG,7,6,1989-07-11,True,,True,True,True,,,,,,,,,,131,3,1977,,MCA,,6
ML100281,"Hunger, The",34.99,R,7,3,1989-07-12,,,,,,,,,,,,,,,100,2,1983,,MGM/UA,,8
1017-80,Tora! Tora! Tora!,44.99,G,7,6,1989-07-13,,,,True,,,,,,,,,,,144,3,1970,,CBS/Fox,,6
146AS,Chip 'N' Dale,24.99,G,5,0,1989-07-14,,,,,,,,,,,,,,,47,1,1955,,Disney,True,3
21835,"Chorus Line, A",39.99,PG-13,10,4,1989-07-15,True,,True,True,True,,,True,,,,,,,118,3,1985,,Embassy,,10
LV1646,"Dead Zone, The",24.99,R,9,6,1989-07-16,,,,True,,,,True,,,,,,,104,2,1983,,Paramount,,2
40079,Conan The Destroyer,34.99,PG,8,3,1989-07-17,,,,,,,,,,,,,,,101,2,1984,,MCA,,1
1026LV,Bonnie And Clyde,34.99,NR,7,8,1989-07-18,,,,,,,,,,,,,,,111,2,1967,,Warner,,6
7091-88,Sade - Diamond Life Video,19.99,NR,7,0,1989-07-19,True,,True,True,,,,,,,,,,,20,1,1985,,CBS/Fox,,9
ID6850HB,"Dark Crystal, The",47.96,PG,9,6,1989-07-20,True,,True,True,True,True,,,,,,,,,160,3,1982,,Image,True,3
CC1140L,"Princess Bride, The",79.95,PG,8,5,1989-07-21,True,,True,True,True,True,,,True,,,,,,98,4,1987,I've concluded that side 1 disk 1 is defective  perhaps a misaligned pressing.   I'm returning it to Voyager for replacement.,Criterion,True,3
ID6782AX,Cousin Cousine,39.95,R,8,6,1989-07-22,True,,True,True,,,,,,True,,,,,95,2,1976,,Image,,7
ID6395OR,Au Revoir Les Enfants,39.95,PG,9,7,1989-07-23,True,,True,True,True,,,,,True,,,,,103,2,1987,,Image,,7
40921,Parenthood,39.98,PG-13,10,7,1990-08-16,True,,True,True,True,,,True,,,,,,,124,3,1989,,MCA,,4
ID5144,Hannah And Her Sisters,39.95,PG-13,9,7,1990-08-16,,,True,,,,,True,,,,,,,103,2,1987,,Image,,6
947AS,Dead Poets Society,39.95,PG,10,6,1990-08-16,True,,True,True,True,,,True,,,,,,,128,3,1989,,Touchstone,,6
ML101796,"Fistful Of Dollars, A",34.98,NR,9,6,1990-08-16,True,True,True,,,True,,,,,,,,,100,2,1964,,MGM/UA,,12
ML101859,"Bridge Too Far, A",39.98,PG,8,4,1990-08-16,True,True,True,True,True,True,,,,,,,,,178,3,1977,,MGM/UA,,6
11006,Frenzy,19.95,R,7,7,1990-08-16,,,True,,,,,,,,,,,,116,2,1972,,MCA,,2
ID6396OR,Babette's Feast,39.95,G,9,8,1990-08-16,True,,True,True,True,,,,,True,,,,,102,2,1988,,Image,,7
20005LV,Body Heat,29.95,R,8,6,1990-08-16,,,,,,,,,,,,,,,113,2,1984,,Warner,,2
LV5402,Sabrina,34.95,NR,6,7,1990-08-16,,,,,,,True,,,,,,,,113,2,1954,,Paramount,,4
LV1886,"Untouchables, The",39.95,R,9,8,1990-08-16,True,,True,True,,,,True,,,,,,,119,3,1987,The labels are on the wrong sides in the first disk (i.e. the label on side 1 states that it's side 2).,Paramount,,6
ID9501OR,UHF,39.95,PG-13,10,4,1990-08-16,True,,True,True,True,,,True,,,,,,,97,2,1989,,Image,True,4
11323LV,Risky Business,34.98,R,8,6,1990-08-16,,,True,True,,,,,,,,,,,99,2,1983,,Warner,,4
77136,Hope And Glory,34.95,PG-13,9,7,1990-08-16,,,True,,,,,True,,,,,,,118,2,1987,,Nelson,,6
LV 32100,"Naked Gun, The",24.95,PG-13,10,6,1990-08-16,True,,True,,,,,True,,,,,,,85,2,1988,,Paramount,,4
11388LV,Gremlins,24.98,PG,7,2,1990-08-16,True,,True,True,,,,True,,,,,,,106,2,1985,,Warner,True,4
ID6846HB,Mona LIsa,39.95,R,9,6,1990-08-16,True,,True,,,,,,,,,,,,103,2,1986,,Image,,2
11416LV,"Little Drummer Girl, The",39.98,R,8,6,1990-08-16,,,,,,,,True,,,,,,,130,3,1984,,Warner,,2
ML101678,Gone With The Wind (Digital),49.99,G,10,8,1990-08-16,True,True,True,,,,,True,,,,,,,232,4,1939,Superb transfer.  Some supplementary materials.,MGM/UA,,6
107 AS,"Parent Trap, The",44.99,G,8,6,1990-08-16,,,,,,,,,,,,,,,127,3,1961,,Disney,True,3
LV1108,Grease,29.99,PG,6,6,1990-08-16,,,,True,,,,,,,,,False,,110,2,1977,,Paramount,,10
LV1116,Foul Play,29.99,PG,9,5,1990-08-16,,,,,,,,,,,,,,,118,2,1978,,Paramount,,2
ML100008,"Dirty Dozen, The",29.99,NR,6,7,1990-08-16,,,,True,,,,,,,,,,,149,3,1967,,MGM/UA,,1
1061-80,Butch Cassidy And The Sundance Kid,34.99,PG,7,8,1990-08-16,,,,True,,,,,,,,,,,110,2,1969,,CBS/FOX,,12
VLD2010,"Bridge On The River Kwai, The",39.99,NR,6,8,1990-08-16,,,,,,,,,,,,,,,161,3,1957,,RCA/Columbia,,6
VLD2018,"Big Chill, The",34.99,R,7,6,1990-08-16,,,,,,,,,,,,,,,106,2,1983,,RCA/Columbia,,6
LV1134,Beverly Hills Cop,29.99,R,10,7,1990-08-16,True,,True,True,,,,True,,,,,,,105,2,1984,"The first disk I got was defective.  I speculate it was the notorious ""laser rot"" syndrome.",Paramount,,1
CC1157L,Paths Of Glory,49.95,NR,10,8,1990-08-18,,,True,,,,True,,,,,,,True,87,2,1957,,Criterion,,6
ML100059,"Philadelphia Story, The",34.95,NR,9,8,1990-08-18,,,True,,False,,True,,,,,,,,112,2,1940,,MGM/UA,,4
30528,Shampoo,34.95,R,7,5,1990-08-18,,,,,,,,True,,,,,,,112,2,1975,,RCA/Columbia,,6
7045-85,South Pacific,44.95,NR,9,5,1990-08-18,True,,True,True,True,True,,,,,,,,True,158,3,1958,,CBS/FOX,True,10
22027LV,Zelig,34.95,PG,7,6,1990-08-18,,,,,,,,,,,,,,,79,2,1983,,Warner,,4
ID6203MP,"Prisoner# 3 - A, B, & C",19.95,NR,8,0,1990-08-18,True,,True,,,,,,,,,,,,59,1,1967,,Image,,6
0052,"Big Easy, The",39.95,NR,9,6,1990-08-18,,,True,,,,,,,,,,,,100,2,1987,,HBO,,2
ID6677HB,"Terminator, The",39.95,R,10,7,1990-08-18,True,,True,True,,,,,,,,,,,108,2,1984,,HBO,,1
ID6534VE,Nova - One Small Step,29.95,NR,6,0,1990-08-18,True,,True,,,,,,,,,,,,56,1,1988,,Image,,5
40030,"Mummy, The",34.95,NR,6,7,1990-08-18,,,True,,,,,,,,,,,True,72,2,1932,,MCA,,8
ID6206MP,Prisoner# 6 - The General,19.95,NR,8,0,1990-08-18,True,,True,,,,,,,,,,,,51,1,1967,,Image,,6
ID6208MP,Prisoner# 8 - Dance Of The Dead,19.95,NR,8,0,1990-08-18,True,,True,,,,,,,,,,,,51,1,1967,,Image,,6
ID6088RE,Macbeth - Orson Welles Version,39.95,NR,8,6,1990-08-18,True,False,True,,,,True,,,,,,,,112,2,1948,,Image,,6
ID6588HB,House Of Games,39.95,R,10,6,1990-08-18,True,,True,,,,,True,,,,,,,101,2,1987,,Image,,2
1425-85,"Empire Strikes Back, The",55.96,PG,9,8,1990-08-21,True,,True,True,True,True,,,,,,,,,124,3,1980,,CBS/FOX,,11
ML101713,"Alamo, The",39.95,NR,10,6,1990-08-22,True,True,True,True,True,True,,,,,,,,,162,3,1960,,MGM/UA,,12
LV6522,Shane,29.95,NR,8,8,1990-08-22,,,,,,,,,,,,,,,119,2,1952,,Paramount,,12
LV1551,Trading Places,29.95,R,9,5,1990-08-22,,,,,,,,True,,,,,,,118,2,1983,,Paramount,,4
12007,"Lost Boys, The",24.95,R,10,4,1990-08-22,True,True,True,True,True,True,,True,,,,,,,98,2,1987,,,,8
ML101165,Moonstruck,24.95,PG,10,8,1990-08-22,True,True,True,True,,,,True,,,,,,,103,2,1987,,MGM/UA,,6
40078,"Last Starfighter, The",34.95,PG,9,5,1990-08-22,,,True,True,True,,,,,,,,False,,100,2,1985,,MCA,True,11
40931,Shocker,34.95,R,10,3,1990-08-22,True,,True,True,True,,,True,,,,,,,111,2,1989,,MCA,,8
ML101738,Silk Stockings,34.95,NR,9,6,1990-08-22,True,True,True,True,True,True,,,,,,,,,118,2,1957,,MGM/UA,,10
,One Eyed Jacks,39.95,NR,9,6,1990-08-22,,,,,,,,,,,,,,,141,2,1961,,Paramount,,12
ID5172,Dirty Dancing,39.95,PG-13,10,5,1990-08-22,True,,True,True,,,,,,,,,,,105,2,1987,,Image,,6
ML101739,"Good, The Bad, The Ugly, The",39.95,R,10,7,1990-08-22,True,True,True,,,True,,,,,,,,,162,3,1966,,MGM/UA,,12
ML101419,"Bond - Man With The Golden Gun, The",39.95,PG,9,6,1990-08-22,True,,True,,,,,,,,,,,,125,3,1974,,MGM/UA,,1
CC1147L,Adam's Rib,39.95,NR,10,8,1990-08-22,,,,,,,True,,,,,,,True,101,2,1949,,Criterion,,4
ML100094,Till The Clouds Roll By,39.95,NR,9,5,1990-08-22,True,,True,,,True,,,,,,,,,136,3,1946,,MGM/UA,,10
ML100973,9 1/2 Weeks,39.95,R,10,3,1990-08-22,True,,True,True,,,,,,,,,,,117,2,1986,,MGM/UA,,6
ID5168,RoboCop,35.95,R,10,6,1990-08-23,True,,True,True,,,,True,,,,,,,103,2,1987,,Image,,1
11702,Little Shop Of Horrors,22.45,PG-13,9,7,1990-08-23,True,True,True,True,,,,True,,,,,,,94,2,1986,,Warner,True,10
TVL0040,Platoon,17.95,R,10,7,1990-08-23,,,True,True,,,,True,,,,,,,120,2,1986,,HBO,,6
1014LV,"Wild Bunch, The",26.95,R,10,8,1990-08-23,,,,,,,,,,,,,,,143,3,1969,,Warner,,12
ID6109RC,"Bell, Book And Candle",39.95,NR,7,5,1990-08-26,True,,True,,,,,,,,,,,,103,2,1958,"Gillian Holroyd (Kim Novak), who is part of a family of witches that includes Aung Queenie (Elsa Lanchester) and brother Nicky (Jack Lemmon), falls in love with Sheperd Henderson (James Stewart) on the eve of his marriage to Merle Kittridge (Janice Rule).  Gillian wastes no time in casting a spell over Shep, causing him to ditch Merle for herself.  However, when Gillian tells Shep the truth, he angrily seeks the help of the bizarre Mrs. De Pass (Hermione Gingold), who releases him from Gillian's spell.  But Aunt Queenie manages to reunite the pair with the help of a powerful magic ... love!",Image,,4
CC1165L,"Blob, The",39.95,NR,8,4,1990-08-26,True,,,,,True,,,,,,,,True,82,2,1958,,Criterion,,8
ML101463,Sleeper,34.95,PG,6,7,1990-08-26,,,True,,,,,True,,,,,,,88,2,1973,,MGM/UA,,4
ID6481OR,Dirty Rotton Scoundrels,39.95,PG,9,5,1990-08-26,True,,True,True,True,,,True,,,,,,,110,2,1988,,Image,,4
1515-80,Predator,39.95,R,9,6,1990-08-26,,,True,True,,,,True,,,,,,,107,2,1987,,CBS/FOX,,1
3800-80,Peggy Sue Got Married,34.95,PG-13,9,5,1990-08-26,,,True,,,,,True,,,,,,,103,2,1986,,CBS/FOX,True,6
ID6256CO,"Bicycle Thief, The",39.95,NR,10,8,1990-08-26,True,,True,,,,True,False,,True,,,,,89,2,1948,,Image,,7
LV6609,Funeral In Berlin,34.95,NR,8,4,1990-08-26,,,True,,,,,,,,,,,,102,2,1966,,Paramount,,2
40129,"Man Who Knew Too Much, The",34.95,PG,8,5,1990-08-26,,,,,,,,,,,,,,,120,2,1955,,MCA,,2
1038-80,M*A*S*H,34.95,PG,6,8,1990-08-26,,,,True,,,,,,,,,,,116,2,1969,,CBS/FOX,,6
31134,Ten Little Indians,24.95,PG,9,3,1990-08-26,True,,True,True,,,,,,,,,,,0,2,1989,,Cannon,,2
ML101860,Hawaii,39.95,NR,10,6,1990-08-28,True,True,True,True,True,True,,,,,,,,True,190,4,1966,,MGM/UA,,6
11475LV,Pale Rider,24.95,R,8,4,1990-08-28,,,True,,,,,,,,,,,,116,2,1985,,Warner,,12
1019,Dirty Harry,24.95,R,10,7,1990-08-28,,True,True,True,,,,,,,,,,,102,2,1971,,Warner,,1
1012LV,"Searchers, The",34.95,NR,6,8,1990-08-28,,,,,,,,,,,,,,,119,2,1956,,Warner,,12
ID6566OR,Mississippi Burning,49.95,R,10,6,1990-08-28,True,,True,True,True,,,True,,,,,,,127,3,1988,,Image,,6
ML101610,Bugs! & Elmer!,34.95,NR,7,0,1990-08-29,,,True,,,,,,,,,,,,120,2,1944,,MGM/UA,True,3
LV1467-2,"Officer And A Gentleman, An",39.99,R,8,5,1990-08-29,,,,,,,,,,,,,,,126,3,1982,,Paramount,,6
I-6000,Night Of The Living Dead,29.99,NR,9,7,1990-08-29,,,True,,,,True,,,,,,,,96,2,1968,,Image,,8
LV8112,"Play It Again, Sam",29.99,PG,5,7,1990-08-29,,,,,,,,,,,,,,,85,2,1972,,Paramount,,4
LV8858-2A,Star Trek The Motion Picture,39.99,G,9,5,1990-08-29,,,,True,,,,,,,,,,,143,3,1980,,Paramount,,11
11315LV,National Lampoon's Vacation,24.99,R,7,6,1990-08-29,,,,,,,,,,,,,,,98,2,1983,,Warner,True,4
11AS,"Black Hole, The",34.99,G,4,5,1990-08-29,,,,True,,,,,,,,,,,97,2,1979,,Disney,True,11
11219LV,Firefox,39.99,PG,6,3,1990-08-29,,,,,,,,,,,,,,,136,3,1982,,Warner,,1
4755-80,Bond - License To Kill,42.46,PG-13,10,6,1990-08-30,True,,True,True,True,True,,True,,,,,,True,135,3,1989,,CBS/FOX,,1
VL4022,"Amityville Horror, The",39.95,NR,5,3,1990-09-01,,,,,,,,,,,,,,,118,2,1979,,Orion,,8
1062-80,"Blue Max, The",69.95,NR,10,5,1990-09-01,True,,True,True,,True,,,,,,,,,157,3,1966,,CBS/FOX,,6
ID7354IV,Drugstore Cowboy,39.95,R,10,7,1990-09-01,True,,True,True,,,,,,,,,,,102,2,1989,,Image,,6
ML102043,All Dogs Go To Heaven,29.95,G,9,3,1990-09-01,True,True,True,True,True,,,True,True,,,,,,85,3,1989,,MGM/UA,True,3
11807,Daffy Duck's Quackbusters,24.95,G,9,6,1990-09-03,,True,True,,,,,True,,,,,,,79,2,1988,,Warner,True,3
VLD3095,Close Encounters Of The Third Kind (Special Edition),39.95,PG,8,8,1990-09-03,,,,True,,,,,,,,,,,137,3,1977,,Columbia,,11
11337LV,Bond - Never Say Never Again,39.95,PG,7,5,1990-09-03,,,True,True,,,,,,,,,,,134,3,1983,,Warner,,1
ML101401,Bond - Dr. No,24.95,PG,7,7,1990-09-03,,,True,,,,,True,,,,,,,112,2,1962,,MGM/UA,,1
ML101403,Bond - Goldfinger,24.95,PG,8,7,1990-09-03,,,True,,,,,True,,,,,,,113,2,1964,,MGM/UA,,1
1004LV,Deliverance,29.95,R,6,8,1990-09-03,,,,,,,,,,,,,,,109,2,1972,,Warner,,6
LV8674,Chinatown,39.95,R,8,8,1990-09-03,,,,,,,,,,,,,,,131,3,1974,,Paramount,,2
ML101745,Bugs Bunny Classics,34.95,NR,9,0,1990-09-03,,,True,,,,,,,,,,,,120,2,1990,,MGM/UA,True,3
21755,Fanny & Alexander,39.99,R,10,8,1990-09-05,,,,,,,,,,True,,,,,197,3,1983,,Embassy,,6
LV1930,"Golden Child, The",29.99,PG-13,9,0,1990-09-05,True,,True,True,,,,True,,,,,,,93,2,1986,,Paramount,,1
909AS,"Honey, I Shrunk The Kids",29.99,PG,7,6,1990-09-05,True,,True,True,,,,True,,,,,,,101,2,1989,,Disney,True,3
17002,Jesus Christ Superstar,34.99,G,6,6,1990-09-05,True,,True,True,,,,,,,,,,,108,2,1973,,MCA,,10
ML100499,Red Dawn,34.99,PG-13,5,3,1990-09-05,,,True,True,,,,,,,,,,,116,2,1984,,MGM/UA,,1
LV8940,Pretty Baby,29.99,R,6,5,1990-09-05,,,,,,,,,,,,,,,109,2,1978,,Paramount,,6
LV1180,Star Trek II:  The Wrath Of Kahn,29.99,PG,7,6,1990-09-05,,,True,True,,,,,,,,,,,113,2,1982,,Paramount,,11
20805,Scanners,34.99,NR,7,5,1990-09-05,,,,,,,,,,,,,,,104,2,1981,,Embassy,,11
ML103848,Some Like It Hot,39.99,NR,8,8,1990-09-05,,,True,,,,,True,,,,,,,120,3,1959,,MGM/UA,,4
LV1113,Saturday Night Fever,29.99,R,7,6,1990-09-05,,,True,True,,,,,,,,,,,118,2,1977,,Paramount,,6
11-015,"Thing, The",34.99,R,9,6,1990-09-05,,,True,True,,,,,,,,,,,108,2,1982,,MCA,,8
915AS,Blaze,29.99,R,8,5,1990-09-09,True,,True,True,,,,True,,,,,,,117,2,1989,,Touchstone,,6
16AS,Bedknobs And Broomsticks,34.99,G,6,6,1990-09-05,,,,,,,,,,,,,,,117,2,1971,,Disney,True,3
11820A/B,Bird,29.99,R,9,5,1990-09-05,True,True,True,True,True,,,True,,,,,,,161,3,1988,,Warner,,6
11523LV,Pee-Wee's Big Adventure,24.99,PG,8,5,1990-09-05,,,True,True,,,,True,,,,,,,92,2,1985,,Warner,True,3
LV32076,Big Top Pee Wee,34.99,PG,9,5,1990-09-05,True,,True,True,,,,True,,,,,,,86,2,1988,,Paramount,True,3
ML100027,Fame,39.98,R,10,5,1990-09-05,True,True,True,True,True,,,True,,,,,,True,134,3,1980,,MGM/UA,,10
40199,Fahernheit 451,34.99,NR,8,6,1990-09-05,,,True,,,,,,,,,,,,112,2,1966,,MCA,,11
2206-80,Sherlock Holmes: The Hound Of The Baskervilles / Sherlock Holmes Faces Death,36.0,NR,8,6,1990-09-14,True,,True,,,,True,True,,,,,,True,148,3,1939,,CBS/FOX,,2
13006,Flash Gordon,35.0,PG,8,6,1990-09-14,,,True,True,True,,,,,,,,,,111,2,1980,,MCA,,11
ID7643IV,Teenage Mutant Ninja Turtles: Super Rocksteady And Mighty Bop / Heros In A Halfs,39.99,NR,10,0,1990-09-16,True,,True,,,,,,,,,,,,89,2,1990,,Image,True,3
30762,From Here To Eternity,34.99,NR,9,8,1990-09-16,,,,,,,True,,,,,,,,118,2,1953,,RCA/Columbia,,6
4752-80,"Fish Called Wanda, A",39.99,R,10,5,1990-09-16,True,,True,,,,,,,,,,,,108,2,1988,,CBS/FOX,,4
1666-80,Die Hard,49.99,R,10,6,1990-09-16,True,,True,True,True,True,,True,,,,,,,127,3,1988,,CBS/FOX,,1
ID7648CP,Computer Magic: A Journey Into The World Of Computer Imagery,39.99,NR,10,0,1990-09-16,True,,True,,,,,,True,,,,,,58,1,1990,,Image,True,5
40047,Scarface,39.99,R,9,3,1990-09-16,,,True,True,True,,,,,,,,,,170,3,1983,,MCA,,6
11314,"Twilight Zone, The Movie",34.99,PG,9,5,1990-09-16,,True,True,True,True,,,True,,,,,,,101,2,1983,,Warner,,8
11335LV,"Star Is Born, A",39.99,PG,7,7,1990-09-16,,,,True,,,,,,,,,,,176,4,1954,,Warner,,10
40873,Twins,34.99,PG,10,6,1990-09-16,True,,True,True,True,,,,,,,,,,107,2,1988,,MCA,,4
ML101323,Bugs Bunny Superstar,24.99,NR,6,6,1990-09-16,,,True,,,,,,,,,,,,91,2,1975,,MGM/UA,True,3
ML101611,Daffy! & Porky!,34.99,NR,7,0,1990-09-16,,,True,,,,,,,,,,,,120,2,1944,,MGM/UA,True,3
913CS,Little Mermaid,33.96,G,10,6,1990-11-28,True,True,True,True,True,,,True,False,,,,,,83,3,1989,,Disney,True,3
ID6423TU,"Sweeney Todd, The Demon Barber Of Fleet Street",50.96,NR,9,8,1990-09-18,True,,True,,,,,,,,,,,,140,3,1982,,Image,,10
ID6207MP,Prisoner# 7 - Many Happy Returns,17.95,NR,8,0,1990-09-19,True,,True,,,,,,,,,,,,51,1,1967,,Image,,6
V1019L,For All Mankind,74.96,NR,10,6,1990-09-19,True,True,True,True,True,,,,True,,,,True,True,79,4,1989,,Voyager,,5
ID5206ME,"Hidden, The",35.96,R,9,3,1990-09-19,True,,True,,,,,True,,,,,,,98,2,1987,,Image,,1
ML100211DS,"Secret Of N.I.M.H., The",22.46,G,10,5,1990-09-19,True,True,True,True,True,,,True,,,,,,,85,2,1982,,MGM/UA,True,3
ID5350ME,Soldier Of Orange,53.96,NR,10,7,1990-09-19,True,,True,,,,,,,True,,,,True,144,3,1978,,Image,,6
30015,Here Comes Mr. Jordan,31.46,NR,10,8,1990-09-19,,,,,,,True,,,,,,,,94,2,1941,,RCA/Columbia,True,6
CC1114L,Grand Illusion,67.46,NR,10,8,1990-09-19,,,,,,,True,,True,True,,,True,True,114,4,1938,,Criterion,,6
CC1117L,Sabotage (Hitchcock),31.46,NR,8,6,1990-09-19,,,,,,,True,,,,,,,,76,2,1936,,Criterion,,2
CC1132L,Scaramouche,71.96,NR,9,7,1990-09-19,,,,,,,,,True,,,,True,True,118,4,1952,,Criterion,True,6
C1118L,Secret Agent (Hitchcock),31.46,NR,7,5,1990-09-19,,,,,,,True,,,,,,,,86,2,1936,,Criterion,,2
IC6351RC,Georgy Girl,35.96,NR,10,7,1990-09-19,True,,True,,,,True,,,,,,,,99,2,1966,,Image,,6
CC1143L,Shoot The Piano Player,44.96,NR,10,8,1990-09-19,,,,,,True,True,,,,,,,True,84,2,1960,,Criterion,,7
CC1138L,Black Narcissus,40.46,NR,10,8,1990-09-19,,,,,,,,,,,,,True,,101,2,1947,,Criterion,,7
ML101888,Ice Station Zebra,33.96,G,9,5,1990-09-21,True,True,True,True,True,True,,,,,,,,True,150,3,1968,,MGM/UA,,1
40196,Back To The Future,34.99,PG,9,6,1990-09-22,,,True,True,True,,,True,,,,,,,116,2,1985,,MCA,True,11
ML100060,Cat On A Hot Tin Roof,25.99,NR,6,7,1990-09-22,,,,,,,,,,,,,,,108,2,1958,,MGM/UA,,6
11825A/B,"Accidental Tourist, The",29.99,PG,10,6,1990-09-22,False,True,True,True,True,True,,True,,,,,,,121,3,1988,,Warner,,6
40321,Harvey,34.99,NR,8,7,1990-09-22,True,,True,,,,True,,,,,,,True,104,2,1950,,MCA/Universal,,4
30877,Someone To Watch Over Me,34.99,R,8,6,1990-09-22,False,,True,True,True,,,True,,,,,,,106,2,1987,,RCA/Columbia,,2
11474LV,"Goonies, The",24.99,PG,9,5,1990-09-22,,,True,True,,,,True,,,,,,,114,2,1985,,Warner,True,3
213AS,Splash,34.99,PG,9,6,1990-09-22,,,True,True,,,,,,,,,,,109,2,1984,,Touchstone,,4
ML101648,Rain Man,29.99,R,10,6,1990-09-22,True,True,True,True,True,,,True,,,,,,,134,3,1988,,MGM/UA,,6
ML100243,"Year Of Living Dangerously, The",34.99,PG,7,6,1990-09-22,,,,,,,,True,,,,,,,115,2,1982,,MGM/UA,,6
ML100293,WarGames,34.99,PG,7,5,1990-09-22,,,True,True,,,,,,,,,,,114,2,1983,,MGM/UA,,6
LV6308,To Catch A Thief,29.99,NR,7,6,1990-09-22,,,,,,,,,,,,,,,103,2,1955,,Paramount,,2
1358-80,Romancing The Stone,34.99,PG,9,6,1990-09-22,,,True,True,,,,True,,,,,,,106,2,1984,,CBS/FOX,,1
50166,Ghostbusters II,24.99,PG,10,6,1990-09-22,True,,True,True,True,True,,True,,,,,,,102,2,1989,,RCA/Columbia,True,4
17196,"Cotton Club, The",39.99,R,10,5,1990-09-22,True,True,True,True,True,,,True,,,,,,,128,3,1984,,Nelson,,6
1484-80,Commando,34.99,R,8,4,1990-09-22,True,,True,True,,,,True,,,,,,,90,2,1985,,CBS/FOX,,1
LV8099,Charlotte's Web,29.99,G,8,6,1990-09-22,,,,,,,,,,,,,,,94,2,1972,,Paramount,True,3
ML100399,Knights Of The Round Table,34.99,NR,6,5,1990-09-22,,,True,True,,,,,,,,,,,116,2,1953,,MGM/UA,,6
13AS,Escape To Witch Mountain,34.99,G,6,6,1990-09-22,,,,,,,,,,,,,,,94,2,1975,,Disney,True,3
ID7510HB,F/X,33.96,R,10,6,1990-09-26,True,True,True,True,,,,,,,,,,,109,2,1986,,Orion,,1
11037A/B,Cool Hand Luke,33.96,NR,9,7,1990-09-26,,True,True,,,,,True,,,,,,,127,3,1967,,Warner,,6
12030A/B,"Superman, The Movie",25.46,PG,9,7,1990-09-26,,True,True,True,True,True,,True,,,,,,,143,3,1978,,Warner,True,1
70286,Glory,33.96,R,10,8,1990-09-26,True,True,True,True,True,True,,True,,,,,,,122,3,1989,,RCA/Columbia,,6
PA-89-01,Pioneer - Laser Optics II,0.0,NR,10,0,1990-09-27,True,True,True,True,True,,,True,True,,,,,,0,2,1989,Pioneer demonstration disk,Pioneer,,5
CC1162L,L'avventura,112.46,NR,10,7,1990-09-27,True,True,,,,True,,,True,,,,True,True,143,6,1960,,Criterion,,6
IDVL5040,Blame It On Rio,35.95,R,7,5,1990-09-27,True,,True,,,,,,,,,,,,100,2,1983,,Image,,4
1071-80,"Towering Inferno, The",62.98,PG,9,5,1990-09-27,True,True,,True,,True,,,,,,,,,165,3,1974,,CBS/FOX,,6
CC1180L,"Some Like It Hot (LBX, CAV)",106.21,NR,8,8,1990-09-26,True,True,,,,True,True,,True,,,,True,True,121,5,1959,,Criterion,,4
CC1218L,Taxi Driver,79.96,R,10,8,1990-10-03,True,True,,,,True,,,True,,,,True,True,113,4,1976,,Criterion,,6
PA-83-059,"Pirates Of Penzance, The",29.71,NR,7,0,1990-10-03,True,,True,True,,,,,,,,,,,94,2,1982,,Pioneer Artists,True,9
ML100006,"American In Paris, An",27.96,NR,10,7,1990-10-03,True,True,True,,,,,,,,,,,,115,2,1951,,MGM/UA,,10
1761-80,In Like Flint,50.98,NR,8,5,1990-10-03,True,True,True,False,,,,,,,,,,,115,2,1967,,CBS/FOX,,4
1478-85,Return Of The Jedi,55.96,PG,9,7,1990-10-03,True,True,True,True,True,True,,True,,,,,,,132,3,1983,,CBS/FOX,,11
PA-83-061,"Mikado, The",19.96,NR,6,8,1990-10-05,,,True,True,,,,,,,,,,,113,2,1982,,Pioneer Artists,True,9
CC1123L,"Obscure Object Of Desire, That",42.46,NR,9,6,1990-10-10,,,True,,,True,,,,True,,,,True,103,2,1977,,Criterion,,6
1007A/B,Exorcist,29.99,R,10,7,1990-10-10,True,True,True,True,True,,,True,,,,,,,122,3,1973,,Warner,,8
IVE1,Pulling Gs,49.99,NR,9,0,1990-10-10,True,True,True,True,,,,,,,,,,,56,2,1987,,Optical Data,,5
396AS,Here's Micky / Here's Pluto,24.99,G,6,0,1990-10-10,,,,,,,,,,,,,,,50,1,1988,,Disney,True,3
ID6257OR,"Unbearable Lightness Of Being, The",44.96,R,10,7,1990-10-11,True,,True,True,True,,,True,,,,,,,172,3,1988,,Image,,6
LV1797-2,Star Trek IV - The Voyage Home,39.95,PG,10,7,1990-10-11,True,,True,True,,,,True,,,,,,,119,3,1986,,Paramount,,11
30623,"Wild One, The",34.95,NR,10,7,1990-10-11,,,,,,,,True,,,,,,,79,2,1953,,RCA/Columbia,,6
692A/B,Blue Velvet,29.95,R,10,4,1990-10-11,True,True,True,True,True,True,,True,,,,,,,121,3,1986,,Warner,,2
11152A/B,Auntie Mame,29.95,NR,9,7,1990-10-11,True,True,True,,,True,,True,,,,,,,144,3,1958,,Warner,True,4
16020,"Blues Brothers, The",39.95,R,9,6,1990-10-11,True,,True,True,True,,,,,,,,,True,133,3,1980,,MCA/Universal,,4
ID6765MG,Rollerball,49.95,R,9,6,1990-10-11,True,,True,True,,,,,,,,,,True,123,3,1975,,MGM/UA,,11
ID6635OR,Wings Of Desire,49.95,PG-13,10,7,1990-10-11,True,,True,True,True,True,,,,True,,,,,130,3,1988,,Image,,7
LV8804-3,1900 - A Film By Bernardo Bertolucci,49.95,NR,8,7,1990-10-11,,,True,,,,False,,,,,,,,255,5,1977,sdfasdf,Paramount,,6
40125,Under The Volcano,34.98,R,7,7,1990-10-16,,,,,,,,,,,,,,,112,2,1984,,,,6
40946,"Thing, The",29.71,R,10,6,1990-10-17,True,,True,True,True,True,,True,,,,,,,109,2,1982,,MCA/Universal,,8
11785,Beetlejuice,24.99,PG,9,6,1990-10-19,True,True,True,True,True,,,True,,,,,,,92,2,1988,,Warner,,4
40851,Gorillas In The Mist,39.99,PG-13,10,6,1990-10-19,True,,True,True,True,,,,,,,,,,129,3,1988,,MCA,,6
1491-80,"Jewel Of The Nile, The",34.99,PG,9,4,1990-10-19,True,,True,True,,,,True,,,,,,,106,2,1985,,CBS/FOX,,1
30701,Anatomy Of A Murder,39.99,NR,7,8,1990-10-19,,,,,,,,,,,,,,,160,3,1959,,RCA/Columbia,,2
ML101111,Broadway Melody Of 1940,34.99,NR,8,6,1990-10-19,,,True,,,,True,,,,,,,,103,2,1940,,MGM/UA,,10
VLD5951,Tommy,34.99,PG,6,6,1990-10-19,,,True,True,,,,,,,,,,,110,2,1975,,RCA/Columbia,,10
ID5238VE,"Final Countdown, The",39.95,NR,10,6,1990-10-21,True,True,True,True,True,,,,,,,,,,103,2,1980,,Image,,11
ID7638JO,"Day Of The Triffids, The",49.95,NR,10,5,1990-10-21,True,,True,,,True,,,,,,,,,95,2,1962,,Image,,11
1268-80,Les Miserables,39.95,NR,6,7,1990-10-21,True,,True,,,,True,False,,,,,,,104,2,1935,,CBS/FOX,,6
LV6524-2,"Ten Commandments, The",39.95,NR,6,8,1990-10-21,,,,True,,,,,,,,,,,220,4,1956,,Paramount,,6
ID6681HB,"Manhattan Project, The",39.95,NR,10,4,1990-10-21,True,,True,True,True,,,,,,,,,True,117,2,1986,,Image,,11
1709-80,Working Girl,39.95,R,9,6,1990-10-21,True,,True,True,True,,,True,,,,,,,114,2,1988,,CBS/FOX,,6
ID6207MP,Prisoner# 7 - Many Happy Returns,17.95,NR,8,0,1990-10-25,True,,True,,,,,,,,,,,,51,1,1967,,Image,,6
ID6205MP,Prisoner# 5 - The Schizoid Man,17.95,NR,8,0,1990-10-25,True,,True,,,,,,,,,,,,51,1,1967,,Image,,6
ID6210MP,Prisoner#10 - It's Your Funeral,17.95,NR,8,0,1990-10-25,True,,True,,,,,,,,,,,,51,1,1967,,Image,,6
ID6204MP,Prisoner# 4 - Free For All,17.95,NR,8,0,1990-10-25,True,,True,,,,,,,,,,,,51,1,1967,,Image,,6
ID6209MP,Prisoner# 9 - Do Not Forsake Me Oh My Darling,17.95,NR,8,0,1990-10-25,True,,True,,,,,,,,,,,,51,1,1967,,Image,,6
ID5249VE,Caligula,53.95,X,8,3,1990-10-25,True,,True,,,,,,,,,,,,143,3,1979,,Image,,6
ID5353ME,Claire's Knee,44.95,NR,9,7,1990-10-25,True,,True,,,,,,,,,,,,106,2,1971,,Image,,7
22017,Time After Time,22.45,PG,10,6,1990-10-25,True,True,True,True,,,,,,,,,,,112,2,1979,,Warner,,11
ID6127IV,Angel Heart,35.95,NC-17,9,5,1990-10-25,True,,True,True,True,,,,,,,,,True,112,2,1987,,Image,,2
ML100070,Soylent Green,31.45,PG,6,4,1990-10-25,,,,,,,,,,,,,,,97,2,1973,,MGM/UA,,11
ML102058,Where The Boys Are,29.71,NR,9,5,1990-10-26,True,True,True,,,True,,,,,,,,True,100,2,1960,,MGM/UA,,6
LV32020-2L,"Hunt For Red October, The",23.96,PG,10,7,1990-10-26,True,True,True,True,True,True,,True,,,,,,,135,3,1990,,Paramount,,2
PA-85-123,Carpenters: Yesterday Once More,29.95,NR,8,0,1990-10-28,True,,True,True,,,,,,,,,,,56,1,1985,,Pioneer Artists,,9
40766,Son Of Dracula,19.95,PG,10,6,1990-10-28,,,True,,,,True,,,,,,,True,80,2,1943,,MCA,,8
LV1305,Airplane!,29.95,PG,8,6,1990-10-28,,,,,,,,,,,,,,,88,2,1980,,Paramount,,4
LVA-1005,Meet John Doe,29.95,NR,8,6,1990-10-28,,,True,,,,,,,,,,,,123,3,1941,,"Laservision Assoc.,",,6
LV1621,Star Trek III: The Search For Spock,29.95,PG,10,6,1990-10-28,True,,True,True,,,,True,,,,,,,105,2,1984,,Paramount,,11
J2-6050,Space:1999 - Force Of Life / Dragon's Domain,29.95,NR,8,0,1990-10-28,True,,True,,,,,,,,,,,,106,2,1974,,J2 Communications,,11
ID7609IV,"Teenage Mutant Ninja Turtles, The Movie",29.95,PG,9,4,1990-10-28,True,True,True,True,True,,,,,,,,,,93,2,1990,,Image,True,1
11912,Joe Versus The Volcano,24.95,PG,9,5,1990-10-28,True,True,True,True,True,True,,True,,,,,,,102,2,1990,,Warner,,4
LV5509,"Desperate Hours, The",34.95,NR,9,7,1990-10-28,,,True,,,,True,True,,,,,,,112,2,1955,,Paramount,,2
ML101546,"Maltese Falcon, The",34.95,NR,9,8,1990-10-28,,,True,,,,True,True,,,,,,,102,2,1941,,MGM/UA,,6
41007,Sea Of Love,34.95,R,10,7,1990-10-28,True,,True,True,True,True,,True,,,,,,,113,2,1990,,MCA/Universal,,2
ML100057,On The Town,29.71,NR,9,8,1990-11-01,True,True,True,,,,,,,,,,,True,98,2,1949,,MGM/UA,True,10
ID7779IV,Total Recall,31.96,R,10,6,1990-11-01,True,True,True,True,True,,,,,,,,,,113,2,1990,,Image,,11
PA-87-203,Madama Butterfly,54.99,NR,8,0,1990-11-03,True,,True,True,,,,,,True,,,,,142,3,1986,,Pioneer Artists,,9
521AS,Winnie The Pooh And The Honey Tree/And Tigger Too,24.99,G,10,0,1990-11-03,,,,,,,,,,,,,,,50,1,1965,,Disney,True,3
40977,"Jetsons, The Movie",34.99,G,10,4,1990-11-03,True,True,True,True,True,,,True,,,,,,,82,2,1990,,MCA/Universal,True,3
PA-87-202,"Nutcracker, The",39.99,G,8,0,1990-11-03,True,,True,True,,,,,,,,,,,100,2,1985,,Pioneer Artists,,9
PS-85=003,Manhattan Transfer - Vocalese,19.99,NR,9,0,1990-11-03,True,,True,True,False,,,,,,,,,,29,1,1985,,Pioneer Artists,,9
PS-86-011,"Ritenour, Lee & Grusin, Dave - Live From The Record Plant",24.99,NR,9,0,1990-11-03,True,,True,True,,,,,,,,,,,55,1,1985,,Pioneer Artists,,9
PA=89-253,La Boheme,44.99,NR,9,0,1990-11-03,True,,True,True,,,,,,True,,,,,135,3,1989,,Pioneer Artists,,9
40884,Field Of Dreams,34.99,PG,10,7,1990-11-03,True,,True,True,True,,,True,,,,,,,106,2,1989,,MCA,True,6
30853,Roxanne,34.99,PG,9,5,1990-11-03,,,True,True,True,,,True,,,,,,,107,2,1987,,RCA/Columbia,True,4
ID7295VA,Hercules (Steve Reeves),33.96,G,8,5,1990-11-05,True,,True,,,True,,,,,,,,,107,2,1959,,Image,,1
ML100469,Manhattan,31.46,R,9,7,1990-11-09,,,,,,True,True,,,,,,,,96,2,1979,,MGM/UA,,6
ID-5110,Destination Moon,35.96,NR,7,5,1990-11-09,,,True,,,,,,,,,,,,92,2,1950,,Image,,11
ML101527,Making Of A Legend: Gone With The Wind,39.95,G,9,0,1990-11-10,True,,True,True,,,,,,,,,,,124,3,1988,,MGM/UA,,5
PA-88-210,Aida,59.99,NR,6,0,1990-11-10,True,,True,True,,,,,,,,,,,160,4,1986,,Pioneer Artists,,9
PA-84-076,Lucia Di Lammermoor,49.99,NR,9,0,1990-11-10,True,,True,True,,,,,,,,,,,128,3,1983,,Pioneer Artists,,9
PS-87-020,"Manhattan Transfer, The - Vocalese Live 1986",29.99,NR,9,0,1990-11-10,True,,True,True,,,,,,,,,,,80,2,1986,,Pioneer Artists,,9
PA-88-220,"Live From The Met, Highlights Volume I",34.99,NR,9,0,1990-11-10,True,,True,True,,,,,,,,,,,104,2,1987,,Pioneer Artists,,9
PA-83-054,Otello,49.99,NR,6,0,1990-11-10,True,,True,True,,,,,,,,,,,144,4,1982,,Pioneer Artists,,9
ML100613,That's Dancing,34.99,G,10,0,1990-11-10,,,True,,,,,,,,,,,,105,2,1985,,MGM/UA,,10
40980,Back To The Future Part III,31.96,PG,10,7,1990-11-17,True,True,True,True,True,True,,True,,,,,,True,118,3,1990,,MCA,,11
CC1237L,Kwaidan,50.96,NR,10,7,1990-11-17,True,,,,,True,,,,True,,,,,164,3,1964,,Criterion,,7
LV2306,Apocalypse Now,35.96,R,9,7,1990-11-17,True,True,True,True,,,,,,,,,,,153,3,1979,,Paramount,,6
LV6505,Breakfast At Tiffanys,34.95,NR,6,7,1989-01-29,True,,True,,,False,,,,,,,,,114,2,1961,,Paramount,,6
LV1928,Compromising Positions,26.46,R,8,5,1990-11-17,,,,,,,,True,,,,,,,99,2,1985,,Paramount,,2
vls2293,"Boat, The",38.21,R,9,7,1990-11-17,,,True,True,,,,,,,,,,,145,3,1981,,RCA/Columbia,,6
22018A/B,Excalibur,39.95,R,9,6,1990-11-18,True,True,True,True,True,,,,,,,,,,141,3,1981,,Warner,,6
50496,"Blue And The Gray, The",54.95,NR,9,0,1990-11-18,,,True,,,,,,,,,,,,295,6,1982,	,RCA/Columbia,,6
LV1460,Atlantic City,29.99,R,7,8,1990-11-20,,,,,,,,,,,,,,,104,2,1981,,Paramount,,6
LV1489,Airplane II The Sequel,29.99,R,7,5,1990-11-20,,,,,,,,,,,,,,,84,2,1982,,Paramount,,4
37211,Appointment With Death (Agatha Christie's),34.99,PG,10,3,1990-11-20,,True,True,,,,,True,,,,,,,103,2,1988,,Warner,,2
LV6924,Catch-22,0.0,R,8,5,1990-11-20,,,,,,,,,,,,,,,119,2,1970,,Paramount,,4
20306,Carnal Knowledge,34.99,R,8,6,1990-11-20,,,True,,,,,,,,,,,,98,2,1971,,Nelson,,6
30526,Oliver!,39.99,G,7,8,1990-11-20,,,True,True,,,,True,,,,,,,153,3,1968,,RCA/Columbia,True,10
LV4927,Sunset Boulevard,29.99,NR,7,8,1990-11-20,,,,,,,,,,,,,,,110,2,1950,,Paramount,,6
166AS,Something Wicked This Way Comes,34.99,NR,8,5,1990-11-12,,,True,True,,,,,,,,,,,94,2,1983,,Disney,True,3
PA-89-234,"Monk, Celebrating A Jazz Master",34.99,NR,9,0,1990-11-20,True,,True,,,,,,,,,,,,90,2,1986,,Pioneer Artists,,9
CC1224L,Ikiru,50.96,NR,10,8,1990-11-21,True,True,True,,,,True,,,True,,,,,143,3,1952,,Criterion,,7
41026,Bird On A Wire,29.71,PG-13,10,4,1990-11-21,True,True,True,True,True,True,,True,,,,,,,110,2,1990,,MCA/Universal,,1
911AS,Turner & Hooch,29.95,PG,10,4,1990-11-24,True,,True,True,True,,,True,True,,,,,,99,2,1989,,Touchstone,,2
VL5068,"Purple Rose Of Cairo, The",39.95,PG,9,7,1990-11-24,,,,,,,,True,,,,,,,82,2,1985,,Vestron,,4
LV60630-02,"Police Squad!, More!",29.95,NR,7,0,1990-11-25,,,,,,,,,,,,,,,75,2,1982,,Paramount,,4
TVL0014,Radio Days,34.95,PG,6,6,1990-11-25,,,True,,,,,,,,,,,,96,2,1987,,HBO Video,,4
ID6919HB,Death On The Nile,49.95,PG,7,5,1990-11-25,True,,True,,,,,,,,,,,,123,3,1978,,Image,,2
ID6910RH,"Mask, The",49.95,NR,6,3,1990-11-25,True,,True,,,,True,,,,,,,,77,2,1961,Contains 3D sequences,Image,,8
ML101587,Treasure Of The Sierra Madre,39.95,NR,9,8,1990-11-25,,,True,,,,True,,,,,,,,126,3,1948,,MGM/UA,,12
616AS,Duck Tails: Accidental Adventurers / Seafaring Sailors,29.99,NR,8,0,1990-11-25,,,,,,,,True,,,,,,,88,2,1987,,Disney,True,3
LV12701-2,Manon,44.95,NR,8,0,1990-11-25,True,,True,True,,,,,,,,,,,152,4,1977,,Paramount,,9
CC1241L,Close Encounters Of The Third Kind,99.96,PG,10,8,1990-11-28,True,True,True,True,True,True,,True,True,,,,False,True,135,6,1977,"This wonderful edition sports beautiful video transfer, very detailed supplementary material, and the ability to view either the original 1977 version OR the revised special edition.",Criterion,False,11
LV8855-2,Black Sunday,30.56,R,7,6,1990-11-28,,,,,,,,,,,,,,,143,3,1977,,Paramount,,2
ID7888VP,You're The Top: The Cole Porter Story,25.46,NR,7,0,1990-11-28,True,,True,,,,,,,,,,,,56,1,1990,,Image,,5
072223-1GH,Mahler: Symphonies Nos. 1 & 4,29.71,NR,8,0,1990-11-30,True,,True,True,,,,,,,,,,,114,2,1971,,Unitel,,9
072233-1GH,Beethoven: Symphony No. 9,29.71,NR,9,0,1990-11-30,True,,True,True,,,,,,,,,,,69,2,1977,,Unitel,,9
11896,Thelonious Monk: Straight No Chaser,25.46,PG-13,8,6,1990-11-30,True,True,True,,,,,True,,,,,,,90,2,1988,,Warner,,5
ID7980MF,"Balcony, The (Jean Genet's)",33.96,NR,10,4,1990-11-30,True,,True,,,,True,,,,,,,,84,2,1963,,Image,,6
70186,Look Who's Talking,24.99,PG-13,4,6,1990-12-02,True,,True,True,True,,,True,,,,,,,96,2,1989,,RCA/Columbia,,4
CC1111L,"Hidden Fortress, The",71.96,NR,9,7,1990-12-05,,,True,,,True,True,,True,True,,,,,139,5,1959,,Criterion,,7
CC1150L,"Rules Of The Game, The",71.96,NR,7,8,1990-12-05,True,True,,,,,True,,True,True,,,True,True,107,4,1939,,Criterion,,7
C1119L,Mr. Hulot's Holiday,47.96,NR,9,7,1990-12-05,,,,,,,True,,True,,True,,,,86,3,1953,,Criterion,,7
CC1116L,Young And Innocent,27.96,NR,7,6,1990-12-05,,,,,,,True,,,,,,,,82,2,1937,,Criterion,,2
CC1164,"Killing, The",31.96,NR,8,7,1990-12-05,,,,,,,True,,,,,,,,84,2,1956,,Criterion,,2
CC1155L,Darling,55.96,NR,10,7,1990-12-05,,,,,,,True,,,,,,True,True,127,3,1965,,Criterion,,6
CC1184L,"Naked Kiss, The",35.96,NR,10,5,1990-12-05,True,,True,,,True,True,,,,,,,,90,2,1964,,Criterion,,6
CC1205L,Mon Oncle,39.96,NR,7,8,1990-12-05,True,,True,,,,,,,True,,,,,117,2,1958,,Criterion,,4
CC1213L,Lola Montes,39.96,NR,8,6,1990-12-05,True,,True,,,True,,,,True,,,,,110,2,1956,,Criterion,,6
IDVL4050D,Dressed To Kill,33.96,R,8,7,1990-12-06,True,,True,,,True,,,,,,,,,104,2,1980,,Image,,2
ID7665PR,Night Eyes,33.96,NC-17,10,0,1990-12-06,True,,True,True,,,,,,,,,,,97,2,1990,,Image,,2
CC1230L,Raging Bull,79.96,R,0,8,1990-12-13,True,True,,True,True,True,,,True,,,,True,True,128,6,1980,,Criterion,,6
CC1240L,49th Parallel,33.96,NR,0,7,1990-12-13,True,,,,,,True,,,,,,True,,118,2,1941,,Criterion,,2
072-230-1,"Beethoven: Symphonies Nos. 1,2,6,8",29.71,NR,0,0,1990-12-13,True,,True,True,,,,,,,,,,,117,2,1971,,Unitel,,9
072-231-1,Beethoven: Symphonies Nos. 4 & 5,29.71,NR,0,0,1990-12-13,True,,True,True,,,,,,,,,,,82,2,1973,,Unitel,False,9
072-232-1,Beethoven: Symphonies Nos. 3 & 7,29.71,NR,0,0,1990-12-13,True,,True,True,,,,,,,,,,,84,2,1971,,Unitel,,9
WPLP-9044,Madonna Blond Ambition Japan Tour '90,62.9,NR,10,0,1990-12-13,True,True,True,True,,,,,,,,,,,105,2,1990,,Warner-Pioneer Video,,9
960-CS,Peter Pan,39.95,G,8,6,1990-12-15,True,True,,True,True,,,True,True,,,,,,76,3,1953,,Disney,True,3
13001,"Andromeda Strain, The",33.96,G,10,5,1990-12-17,True,,True,,,True,,,,,,,,True,130,3,1970,,MCA/Universal,,11
ID7699CO,Prince Igor,44.96,NR,7,0,1990-12-17,True,,True,,,True,,,,True,,,,,105,2,1985,,Image,,9
ID7818HB,"Mikado, The",50.96,NR,6,0,1990-12-17,True,,True,True,,,,,,,,,,,130,3,1990,,Image,True,9
12169,Gremlins,21.21,PG,9,4,1990-12-17,True,True,True,True,True,True,,True,,,,,,,106,2,1984,,Warner,,4
11886,Gremlins 2,21.21,PG-13,10,6,1990-12-17,True,True,True,True,True,True,,True,,,,,,,107,2,1990,,Warner,,8
ML102042,"Dirty Dozen, The",31.96,NR,8,7,1990-12-17,True,True,,True,,True,,,,,,,,True,150,3,1967,,MGM/UA,,1
1011-80,Day The Earth Stood Still,31.96,NR,9,8,1990-12-17,True,,True,True,,,True,,,,,,,,92,2,1951,,CBS/FOX,True,11
35326A-E,"James Dean 35th Anniversary Collection, The",95.96,NR,7,8,1990-12-17,True,True,True,True,True,True,,True,,,,,,True,500,10,1954,"This collection includes the following James Dean movies:	East Of Eden	Rebel Without A Cause	GiantWith these is a documentary about the life and work of James Dean together with the theatrical trailers of the three movies.",Warner,,6
ID7680NL,Inside The Third Reich,50.96,PG,7,0,1990-12-17,True,,True,,,,,,,,,,,,240,5,1982,,Image,,6
ML100249,Rocky,23.96,PG,10,7,1990-12-20,True,,True,,,,,,,,,,,,125,3,1976,,MGM/UA,,6
ML100250,Rocky II,23.96,PG,10,6,1990-12-20,True,True,True,True,True,,,True,,,,,,,121,3,1979,,MGM/UA,,6
ML102086,Rocky III,19.96,PG,10,5,1990-12-20,True,True,True,True,True,,,True,,,,,,,103,2,1982,,MGM/UA,,6
ML102084,Rocky IV,19.96,PG,10,5,1990-12-20,True,True,True,True,True,,,True,,,,,,,93,2,1985,,MGM/UA,,6
PA-90-011,King Lear,40.46,NR,6,0,1990-12-20,True,,True,True,,,,,,,,,,,158,3,1984,,Pioneer Artists,,6
ID7300VA,I Spit On Your Grave,39.95,NR,9,0,1990-12-20,True,,True,,,,,,,,,,,,100,2,1989,,Image,,2
ID7763PR,Spider-Man,59.95,NR,6,5,1990-12-20,True,,True,,,,,,,,,,,,190,4,1984,,Image,True,3
ML101827,Meet Me In St. Louis,24.95,NR,9,8,1990-12-27,True,True,True,,,,,True,,,,,,True,119,2,1944,,MGM/UA,,10
J2-6064,"Return Of The Pink Panther, The",29.95,PG,9,5,1990-12-26,True,,True,,,,,,,,,,,,113,2,1975,,J2 Communications,,4
LD-101,"Video Standard, A",59.95,NR,10,0,1990-12-27,True,True,,True,True,,,,,,,,,,30,1,1989,,Reference Recordings,,5
12009,Sorcerer,29.95,PG,10,5,1990-12-27,True,True,True,True,True,,,True,,,,,,,121,3,1977,,MCA/Universal,,1
ID8149or,Valmont,34.95,R,10,5,1990-12-27,True,True,True,True,True,,,True,,,,,,,137,3,1989,,Image,,6
ID6197MP,Magical Mystery Tour,29.95,NR,8,0,1990-12-27,True,,,True,True,,,,,,,,,,50,1,1987,,Image,,10
59576,Wild Orchid,29.95,NC-17,10,0,1990-12-27,True,True,True,True,True,,,,,,,,,,0,0,1989,,RCA/Columbia,,6
ML101708,Seven Brides For Seven Brothers,29.95,G,9,8,1990-12-27,True,True,True,True,,True,,,,,,,,True,113,2,1954,,MGM/UA,True,10
ML101170,"Yellow Submarine, The Beatles",29.95,NR,9,8,1990-12-27,True,,True,True,,,,,,,,,,,87,2,1968,,MGM/UA,,10
ML100074,Clash Of The Titans,34.99,PG,8,5,1990-12-27,,,True,True,,,,,,,,,,,118,2,1981,,MGM/UA,True,3
LV8774,Death Wish,29.99,R,7,6,1990-12-27,,,,,,,,,,,,,,,93,2,1974,,Paramount,,6
LV8679-2,"Day Of The Locust, The",39.99,R,8,7,1990-12-27,,,,,,,,,,,,,,,140,3,1975,,Paramount,,6
CC1251L,Smiles Of A Summer Night,42.46,NR,10,8,1990-12-28,True,True,True,,,,True,,,True,,,,,108,2,1955,,Criterion,,4
CC1231L,Annie Hall,42.46,PG,10,8,1990-12-28,True,True,True,,,True,,,,,,,,,94,2,1977,,Criterion,,6
V1031L,"Vienna, The Spirit Of A City",84.96,NR,10,0,1991-01-07,True,True,,True,,,,,True,,,,True,True,30,1,1990,A marvelous interactive videodisk which provides an incredible amount of information about Vienna.,Voyager,,5
1002-80,Fantastic Voyage,42.46,NR,9,7,1991-01-07,True,False,True,,,True,,,,,,,,,101,2,1966,,CBS/FOX,True,11
1006-80,"Hustler, The",59.46,NR,9,8,1991-01-07,True,,True,,,True,True,,,,,,,,134,3,1961,,CBS/FOX,,6
023AS,Mary Poppins,33.96,G,10,8,1991-01-25,,,True,True,,,,,,,,,,,139,3,1964,,Disney,True,10
ML101418,Bond - Live And Let Die,31.96,PG,10,5,1991-01-25,True,True,True,,,True,,,,,,,,True,122,3,1973,,MGM/UA,,1
CC1232L,Last Tango In Paris,55.96,X,10,8,1991-01-25,True,True,True,False,,True,,,,True,,,,,129,3,1972,,Criterion,,6
40945,"Deer Hunter, The",38.21,R,10,8,1991-01-25,True,True,True,True,,True,,,,,,,,True,183,4,1978,,MCA/Universal,,6
1027AS,Pretty Woman,25.46,R,10,6,1991-01-25,True,True,True,True,True,,,True,,,,,,,119,2,1990,,Touchstone,,4
ML101855,"Sea Hawk, The",33.96,NR,9,8,1991-01-25,True,True,True,False,,,True,,,,,,,True,128,3,1940,,MGM/UA,True,1
PA-84-074,"Yeoman Of The Guard, The",25.46,NR,6,0,1991-01-25,True,,True,True,,,,,,,,,,,115,2,1982,,Pioneer Artists,True,9
ML102052,How The West Was Won,33.96,G,8,7,1991-01-25,True,True,True,True,True,True,,,,,,,,True,203,3,1962,,MGM/UA,,12
ML100792,Yankee Doodle Dandy,33.96,NR,10,8,1991-01-25,True,True,True,,,,True,,,,,,,True,128,3,1943,,MGM/UA,True,6
ID8014OR,RoboCop 2,33.96,R,10,3,1991-01-25,True,True,True,True,True,,,True,,,,,,,116,2,1990,,Image,,11
LV1376,Raiders Of The Lost Ark,24.99,PG,8,8,1991-01-26,,,True,True,,,,True,,,,,,,115,2,1981,,Paramount,,1
1066AS,Dick Tracy,39.99,PG,10,6,1991-01-26,True,True,True,True,True,,,True,,,,,,,105,2,1990,,Touchstone,,1
1054-80,Planet Of The Apes,59.99,G,10,7,1991-01-26,True,,True,True,True,True,,,,,,,,,112,2,1968,,CBS/FOX,,11
2002A/B,XXX,29.99,R,10,4,1991-01-26,True,True,True,,,,,True,,,,,,,123,3,1979,,Warner,,4
1071AS,Duck Tales: Raiders Of The Lost Harp/Space Invaders,25.46,NR,8,6,1991-01-28,,,,,,,,True,,,,,,,88,2,1990,,Disney,True,3
LVD9019,"Dream Is Alive, The",29.71,NR,10,8,1991-01-29,True,True,True,True,True,,,,True,,,,,,44,2,1985,,Lumivision,True,5
ID7283SP,Swan Lake: The Bolshoi At The Bolshoi,50.96,NR,8,8,1991-02-06,True,,True,True,,,,,,,,,,,127,3,1989,,Image,True,9
50216,Revenge,24.95,PG,10,3,1991-02-06,True,True,True,True,True,True,,True,,,,,,,123,2,1990,,RCA/Columbia,,1
none,"Howling, The",34.99,NR,8,6,1991-02-06,,,,,,,,,,,,,,,91,2,1981,,Embassy,,8
1114-80,History Of The World - Part I,34.99,R,7,3,1991-02-06,,,True,,,,,,,,,,,,93,2,1982,The original laserdisk purchased had a HORRIBLE sound track.  Certainly Mel Brooks worst film to date.,20th Century Fox,,4
1093-80,"Letter To Three Wives, A",33.96,NR,10,8,1991-02-06,True,,True,,,,True,,,,,,,,103,2,1949,,CBS/FOX,,6
1248-80,Journey To The Center Of The Earth,59.46,NR,8,6,1991-02-06,True,,True,True,True,True,,,,,,,,,129,2,1959,,CBS/FOX,,11
ID1143-80,Cleopatra,76.46,NR,9,4,1991-02-06,True,,True,True,,True,,,,,,,,,246,5,1963,,CBS/FOX,,6
ID7401MG,Pocketfull Of Miracles,50.96,NR,8,5,1991-02-09,True,True,True,,,True,,,,,,,,,136,3,1961,,Image,,6
ID7412MG,Irma La Douce,42.46,NR,9,5,1991-02-09,True,True,True,,,True,,,,,,,,,147,3,1963,,Image,,4
ML101663,Lenny,29.71,R,10,8,1991-02-09,True,True,True,,,,True,,,,,,,,112,2,1974,,MGM/UA,,6
036AS,Alice In Wonderland,36.95,G,9,6,1991-02-09,,,,,,,,True,,,,,,,75,2,1951,,Disney,True,3
PA-89-243,"Beethoven: Quartets #11, Op.95 & #9 Op. 59 #3",29.95,NR,9,7,1991-02-09,True,,True,True,,,,,,,,,,,58,1,1986,,Pioneer Artists,True,9
ID6386RC,"Swimmer, The",19.91,PG,7,7,1991-02-09,True,,True,,,,,,,,,,,,94,2,1968,,Image,,6
11-014,Cat People,31.49,R,8,4,1991-02-16,,,True,True,,,,,,,,,,,118,2,1982,,MCA,,8
1573,First Blood,35.95,R,7,5,1991-02-16,,,,True,,,,,,,,,,,96,2,1983,,Thorn EMI,,1
40180,Blood Simple,31.49,R,10,7,1991-02-16,,,True,,,,,,,,,,,,96,2,1985,,MCA,,2
ID8013OR,Camille Claudel,42.46,R,10,4,1991-02-16,True,True,True,True,True,,,,,True,,,,,159,3,1989,,Image,,5
ID7653HB,"Handmaid's Tale, The",33.96,R,10,5,1991-02-16,True,True,True,True,True,,,,,,,,,,108,2,1990,,Image,,6
ML101788,Bond - On Her Majesty's Secret Service,33.96,PG,10,7,1991-02-16,True,True,True,,,True,,,,,,,,,135,3,1969,,MGM/UA,,1
LV1854-2WS,"Two Jakes, The",33.96,R,10,0,1991-03-10,True,True,True,True,True,True,,True,,,,,,,137,3,1990,,Paramount,,6
50386,Flatliners,34.99,R,10,5,1991-03-10,True,True,True,True,True,True,,True,,,,,,,111,2,1990,,RCA/Columbia,,11
12024,Play Misty For Me,33.95,R,10,6,1991-03-10,True,True,True,,,,,,,,,,,,103,2,1971,,MCA/Universal,,2
4768-80,"Dry White Season, A",24.95,R,10,5,1991-03-10,True,True,True,True,True,,,True,,,,,,,107,2,1989,,MGM/UA,,6
40978,Darkman,29.71,R,10,6,1991-03-10,True,True,True,True,True,,,True,,,,,,,96,2,1990,,MCA/Universal,,2
30588,All The King's Men,29.71,NR,10,8,1991-03-10,True,True,True,,,,True,,,,,,,,109,2,1949,Academy award: Best Picture 1949,RCA/Columbia,,6
LV32123-WS,Days Of Thunder,34.95,PG-13,10,4,1991-03-10,True,True,True,True,True,True,,True,,,,,,,107,2,1990,,Paramount,,6
LV8674-2WS,Chinatown,44.96,R,10,8,1991-03-10,True,True,True,,,True,,True,,,,,,True,131,3,1974,,Paramount,,2
11206,Willy Wonka & The Chocolate Factory,31.46,G,10,8,1991-03-10,True,True,True,False,,,,True,,,,,,,100,2,1971,,Warner,True,3
LV50754-6,Star Trek - Animated Series,119.96,NR,10,8,1991-03-10,,,True,,,,,,,,,,,,552,11,1973,,Paramount,True,11
V1025L,First National Kidisk - Volume 1,33.96,NR,8,0,1991-03-12,True,,,,,,,,True,,,,,,30,1,1982,,Voyager,True,3
CC1229L,Silverado,79.96,NR,10,6,1991-03-12,True,True,True,,,True,,,True,,,,,True,132,6,1985,,Criterion,,12
7038-85,My Fair Lady,59.46,G,9,7,1991-03-12,True,True,True,True,True,True,,,,,,,,,171,4,1964,,CBS/FOX,True,10
7035-80,Cabaret,42.46,PG,10,7,1991-03-12,True,True,True,True,True,,,True,,,,,,,123,3,1972,,CBS/FOX,,10
1850-85,Die Hard 2,42.46,R,10,6,1991-03-12,True,True,True,True,True,True,,True,,,,,,True,123,3,1990,,CBS/FOX,,1
CC1233L,"Big Chill, The",39.96,R,10,7,1991-03-14,True,True,True,,,True,,,,,,,,,105,2,1983,,Criterion,,6
